Set,Set Theme,Within Set #,Frequency Rank,Original #,Japanese,Reading,Romaji Pronunciation,Meaning,Part of Speech,Verb Class,POS Subtype,Category,Bucket,Grammar Role / Notes,Frequency Count,Source Rank,Frequency % of Source,Frequency Source,Match Method,Lookup Term,POS / Fallback Note,wordfreq Zipf,Learned?,Notes,Vocab List Source,Classification Source,Why this set
1,Survival + Identity,1,27,1,ああ,ああ,aa,"Ah!, Oh!",Interjection,,Interjection,Greetings/Responses,Core open list,Ah! / Oh!,73298,55,0.21505515,chriskempson Japanese subtitles word_freq_report.txt,subtitle match: Japanese form,ああ,adv,,,,GitHub elzup/jlpt-word-list n5.csv (based on Tanos/Genki),Manual learner override from vocabulary meaning,Early conversation anchor
1,Survival + Identity,2,278,45,いいえ,いいえ,iie,"no, not at all",Interjection,,Interjection,Greetings/Responses,Core open list,Greeting/filler/response word,5013,798,0.01470806,chriskempson Japanese subtitles word_freq_report.txt,subtitle match: Japanese form,いいえ,int,,,,GitHub elzup/jlpt-word-list n5.csv (based on Tanos/Genki),Subtitle corpus POS tags: int,Early conversation anchor
1,Survival + Identity,3,99,448,どうぞ,どうぞ,douzo,"please, kindly, by all means",Adverb,,Adverb,Greetings/Responses,Core open list,Modifies verbs/adjectives/sentences,20504,202,0.0601584,chriskempson Japanese subtitles word_freq_report.txt,subtitle match: Japanese form,どうぞ,adv,,,,GitHub elzup/jlpt-word-list n5.csv (based on Tanos/Genki),Subtitle corpus POS tags: adv,Early conversation anchor
1,Survival + Identity,4,150,450,どうも,どうも,doumo,Thank you; somehow; no matter how hard one may try,Interjection,,Interjection,Greetings/Responses,Core open list,Greeting/filler/response word,12696,340,0.03724986,chriskempson Japanese subtitles word_freq_report.txt,subtitle match: Japanese form,どうも,int,,,,GitHub elzup/jlpt-word-list n5.csv (based on Tanos/Genki),Subtitle corpus POS tags: int,Early conversation anchor
1,Survival + Identity,5,5,519,はい,はい,hai,yes,Interjection,,Interjection,Greetings/Responses,Core open list,Greeting/filler/response word,144022,20,0.42255822,chriskempson Japanese subtitles word_freq_report.txt,subtitle match: Japanese form,はい,int,,,,GitHub elzup/jlpt-word-list n5.csv (based on Tanos/Genki),Subtitle corpus POS tags: int,Early conversation anchor
1,Survival + Identity,6,116,749,ありがとうございます,ありがとうございます,arigatougozaimasu,Thank you very much,Expression,,Fixed expression,Greetings/Responses,Supplemental N5 buffer,Phrase-like expression,17751,237,0.05208115,chriskempson Japanese subtitles word_freq_report.txt,subtitle match: Japanese form,ありがとうございます,exp,,,,MLC 802-word list / common N5 buffer,Subtitle corpus POS tags: exp,Early conversation anchor
1,Survival + Identity,7,127,750,いえ,いえ,ie,No,Interjection,,Interjection,Greetings/Responses,Supplemental N5 buffer,Greeting/filler/response word,15109,271,0.04432956,chriskempson Japanese subtitles word_freq_report.txt,subtitle match: Japanese form,いえ,int,,,,MLC 802-word list / common N5 buffer,Subtitle corpus POS tags: int,Early conversation anchor
1,Survival + Identity,8,108,759,お願いします,おねがいします,onegaishimasu,Please,Expression,,Fixed expression,Greetings/Responses,Supplemental N5 buffer,Phrase-like expression,19075,220,0.05596574,chriskempson Japanese subtitles word_freq_report.txt,subtitle match: Japanese form,お願いします,exp,,,,MLC 802-word list / common N5 buffer,Subtitle corpus POS tags: exp,Early conversation anchor
1,Survival + Identity,9,216,760,おはようございます,おはようございます,ohayougozaimasu,Good morning,Interjection,,Interjection,Greetings/Responses,Supplemental N5 buffer,Greeting/filler/response word,7753,554,0.02274718,chriskempson Japanese subtitles word_freq_report.txt,subtitle match: Japanese form,おはようございます,int,,,,MLC 802-word list / common N5 buffer,Subtitle corpus POS tags: int,Early conversation anchor
1,Survival + Identity,10,444,765,ごめんなさい,ごめんなさい,gomennasai,Sorry,Expression,,Fixed phrase,Greetings/Responses,Supplemental N5 buffer,Apology phrase,,,0.00575,wordfreq 3.1.1 Japanese best wordlist,wordfreq fallback: Japanese form,ごめんなさい,Fallback: no subtitle-corpus match for selected candidates,4.76,,,MLC 802-word list / common N5 buffer,Manual fallback from word/meaning,Early conversation anchor
1,Survival + Identity,11,97,766,こんにちは,こんにちは,konnichiwa,Hello; good afternoon,Interjection,,Interjection,Greetings/Responses,Supplemental N5 buffer,Greeting/filler/response word,20974,196,0.06153738,chriskempson Japanese subtitles word_freq_report.txt,subtitle match: Japanese form,こんにちは,int,,,,MLC 802-word list / common N5 buffer,Subtitle corpus POS tags: int,Early conversation anchor
1,Survival + Identity,12,402,767,こんばんは,こんばんは,konbanwa,Good evening,Expression,,Fixed expression,Greetings/Responses,Supplemental N5 buffer,Phrase-like expression,2454,1530,0.0072,chriskempson Japanese subtitles word_freq_report.txt,subtitle match: Japanese form,こんばんは,exp,,,,MLC 802-word list / common N5 buffer,Subtitle corpus POS tags: exp,Early conversation anchor
1,Survival + Identity,13,522,768,さようなら,さようなら,sayounara,Goodbye,Interjection,,Interjection,Greetings/Responses,Supplemental N5 buffer,Greeting/filler/response word,1266,2639,0.00371442,chriskempson Japanese subtitles word_freq_report.txt,subtitle match: Japanese form,さようなら,int,,,,MLC 802-word list / common N5 buffer,Subtitle corpus POS tags: int,Early conversation anchor
1,Survival + Identity,14,800,770,失礼します,しつれいします,shitsureishimasu,Excuse me,Noun,,Common noun,Greetings/Responses,Supplemental N5 buffer,Noun-like word,1,96727,2.93e-06,chriskempson Japanese subtitles word_freq_report.txt,subtitle match: Japanese form,失礼します,n,,,,MLC 802-word list / common N5 buffer,Subtitle corpus POS tags: n,Early conversation anchor
1,Survival + Identity,15,466,771,すみません,すみません,sumimasen,Excuse me; sorry,Expression,,Fixed phrase,Greetings/Responses,Supplemental N5 buffer,Apology/excuse phrase,,,0.00501,wordfreq 3.1.1 Japanese best wordlist,wordfreq fallback: Japanese form,すみません,Fallback: no subtitle-corpus match for selected candidates,4.7,,,MLC 802-word list / common N5 buffer,Manual fallback from word/meaning,Early conversation anchor
1,Survival + Identity,16,672,780,初めまして,はじめまして,hajimemashite,Nice to meet you,Expression,,Fixed phrase,Greetings/Responses,Supplemental N5 buffer,Greeting phrase,,,0.0011,wordfreq 3.1.1 Japanese best wordlist,wordfreq fallback: Japanese form,初めまして,Fallback: no subtitle-corpus match for selected candidates,4.04,,,MLC 802-word list / common N5 buffer,Manual fallback from word/meaning,Early conversation anchor
1,Survival + Identity,17,217,781,よろしく,よろしく,yoroshiku,Please treat me well; regards,Expression,,Fixed expression,Greetings/Responses,Supplemental N5 buffer,Set phrase used in greetings/requests,7738,557,0.02270317,chriskempson Japanese subtitles word_freq_report.txt,subtitle match: Japanese form,よろしく,"exp,adv",,,,MLC 802-word list / common N5 buffer,Manual learner override from N5 usage,Early conversation anchor
1,Survival + Identity,18,300,29,兄,あに,ani,(my) older brother (humble),Noun,,Common noun,People/Family,Core open list,Noun-like word,4533,884,0.01329975,chriskempson Japanese subtitles word_freq_report.txt,subtitle match: Japanese form,兄,n,,,,GitHub elzup/jlpt-word-list n5.csv (based on Tanos/Genki),Subtitle corpus POS tags: n,Early conversation anchor
1,Survival + Identity,19,383,30,姉,あね,ane,(my) older sister (humble),Noun,,Common noun,People/Family,Core open list,Noun-like word,2715,1399,0.00796577,chriskempson Japanese subtitles word_freq_report.txt,subtitle match: Japanese form,姉,n,,,,GitHub elzup/jlpt-word-list n5.csv (based on Tanos/Genki),Subtitle corpus POS tags: n,Early conversation anchor
1,Survival + Identity,20,343,68,妹,いもうと,imouto,younger sister (humble),Noun,,Common noun,People/Family,Core open list,Noun-like word,3594,1101,0.01054474,chriskempson Japanese subtitles word_freq_report.txt,subtitle match: Japanese form,妹,n,,,,GitHub elzup/jlpt-word-list n5.csv (based on Tanos/Genki),Subtitle corpus POS tags: n,Early conversation anchor
1,Survival + Identity,21,101,102,お母さん,おかあさん,okaasan,mother (formal),Noun,,Common noun,People/Family,Core open list,Noun-like word,20157,204,0.05914031,chriskempson Japanese subtitles word_freq_report.txt,subtitle match: Japanese form,お母さん,n,,,,GitHub elzup/jlpt-word-list n5.csv (based on Tanos/Genki),Subtitle corpus POS tags: n,Early conversation anchor
1,Survival + Identity,22,105,117,お父さん,おとうさん,otousan,father (formal),Noun,,Common noun,People/Family,Core open list,Noun-like word,19364,217,0.05681366,chriskempson Japanese subtitles word_freq_report.txt,subtitle match: Japanese form,お父さん,n,,,,GitHub elzup/jlpt-word-list n5.csv (based on Tanos/Genki),Subtitle corpus POS tags: n,Early conversation anchor
1,Survival + Identity,23,378,118,弟,おとうと,otouto,younger brother,Noun,,Common noun,People/Family,Core open list,Noun-like word,2819,1359,0.0082709,chriskempson Japanese subtitles word_freq_report.txt,subtitle match: Japanese form,弟,n,,,,GitHub elzup/jlpt-word-list n5.csv (based on Tanos/Genki),Subtitle corpus POS tags: n,Early conversation anchor
1,Survival + Identity,24,55,119,男,おとこ,otoko,"man, male",Noun,,Common noun,People/Family,Core open list,Noun-like word,33996,120,0.09974371,chriskempson Japanese subtitles word_freq_report.txt,subtitle match: Japanese form,男,n,,,,GitHub elzup/jlpt-word-list n5.csv (based on Tanos/Genki),Subtitle corpus POS tags: n,Early conversation anchor
1,Survival + Identity,25,428,120,男の子,おとこのこ,otokonoko,boy,Noun,,Common noun,People/Family,Core open list,Noun-like word,2089,1764,0.00612909,chriskempson Japanese subtitles word_freq_report.txt,subtitle match: Japanese form,男の子,n,,,,GitHub elzup/jlpt-word-list n5.csv (based on Tanos/Genki),Subtitle corpus POS tags: n,Early conversation anchor
1,Survival + Identity,26,85,140,女,おんな,onna,"woman, female",Noun,,Common noun,People/Family,Core open list,Noun-like word,24493,170,0.07186207,chriskempson Japanese subtitles word_freq_report.txt,subtitle match: Japanese form,女,n,,,,GitHub elzup/jlpt-word-list n5.csv (based on Tanos/Genki),Subtitle corpus POS tags: n,Early conversation anchor
1,Survival + Identity,27,309,141,女の子,おんなのこ,onnanoko,girl,Noun,,Common noun,People/Family,Core open list,Noun-like word,4346,916,0.01275109,chriskempson Japanese subtitles word_freq_report.txt,subtitle match: Japanese form,女の子,n,,,,GitHub elzup/jlpt-word-list n5.csv (based on Tanos/Genki),Subtitle corpus POS tags: n,Early conversation anchor
1,Survival + Identity,28,453,156,学生,がくせい,gakusei,student,Noun,,Common noun,People/Family,Core open list,Noun-like word,1818,1985,0.00533398,chriskempson Japanese subtitles word_freq_report.txt,subtitle match: Japanese form,学生,n,,,,GitHub elzup/jlpt-word-list n5.csv (based on Tanos/Genki),Subtitle corpus POS tags: n,Early conversation anchor
1,Survival + Identity,29,145,165,家族,かぞく,kazoku,"family, members of a family",Noun,,no-adjective noun,People/Family,Core open list,Noun-like word,12914,331,0.03788947,chriskempson Japanese subtitles word_freq_report.txt,subtitle match: Japanese form,家族,"n,adj-no",,,,GitHub elzup/jlpt-word-list n5.csv (based on Tanos/Genki),"Subtitle corpus POS tags: n,adj-no",Early conversation anchor
1,Survival + Identity,30,124,263,子供,こども,kodomo,child(ren),Noun,,Common noun,People/Family,Core open list,Noun-like word,15344,264,0.04501905,chriskempson Japanese subtitles word_freq_report.txt,subtitle match: Japanese form,子供,n,,,,GitHub elzup/jlpt-word-list n5.csv (based on Tanos/Genki),Subtitle corpus POS tags: n,Early conversation anchor
1,Survival + Identity,31,33,355,先生,せんせい,sensei,"teacher, professor; master; doctor",Noun,,Common noun,People/Family,Core open list,Noun-like word,61878,71,0.18154905,chriskempson Japanese subtitles word_freq_report.txt,subtitle match: Japanese form,先生,n,,,,GitHub elzup/jlpt-word-list n5.csv (based on Tanos/Genki),Subtitle corpus POS tags: n,Early conversation anchor
1,Survival + Identity,32,195,406,父,ちち,chichi,(my) father,Noun,,Common noun,People/Family,Core open list,Noun-like word,8698,495,0.02551979,chriskempson Japanese subtitles word_freq_report.txt,subtitle match: Japanese form,父,n,,,,GitHub elzup/jlpt-word-list n5.csv (based on Tanos/Genki),Subtitle corpus POS tags: n,Early conversation anchor
1,Survival + Identity,33,165,469,友達,ともだち,tomodachi,friend,Noun,,Common noun,People/Family,Core open list,Noun-like word,11123,389,0.0326347,chriskempson Japanese subtitles word_freq_report.txt,subtitle match: Japanese form,友達,n,,,,GitHub elzup/jlpt-word-list n5.csv (based on Tanos/Genki),Subtitle corpus POS tags: n,Early conversation anchor
1,Survival + Identity,34,67,542,母,はは,haha,(my) mother,Noun,,Common noun,People/Family,Core open list,Noun-like word,31187,137,0.09150215,chriskempson Japanese subtitles word_freq_report.txt,subtitle match: Japanese form,母,n,,,,GitHub elzup/jlpt-word-list n5.csv (based on Tanos/Genki),Subtitle corpus POS tags: n,Early conversation anchor
1,Survival + Identity,35,14,564,人,ひと,hito,"man, person",Noun,,Common noun,People/Family,Core open list,Noun-like word,105734,32,0.31022184,chriskempson Japanese subtitles word_freq_report.txt,subtitle match: reading form,ひと,n,,,,GitHub elzup/jlpt-word-list n5.csv (based on Tanos/Genki),Subtitle corpus POS tags: n,Early conversation anchor
1,Survival + Identity,36,418,589,古い,ふるい,furui,"old (in reference to objects, not people), aged, ancient",Adjective,,i-adjective,People/Family,Core open list,Conjugates directly; dictionary form ends in い,2222,1665,0.00651931,chriskempson Japanese subtitles word_freq_report.txt,subtitle match: Japanese form,古い,adj-i,,,,GitHub elzup/jlpt-word-list n5.csv (based on Tanos/Genki),Subtitle corpus POS tags: adj-i,Early conversation anchor
1,Survival + Identity,37,434,3,青,あお,ao,blue,Noun,,Color noun,Misc/Bridge,Core open list,Color term,,,0.00603,wordfreq 3.1.1 Japanese best wordlist,wordfreq fallback: Japanese form,青,Fallback: no subtitle-corpus match for selected candidates,4.78,,,GitHub elzup/jlpt-word-list n5.csv (based on Tanos/Genki),Manual fallback from word/meaning,Early conversation anchor
1,Survival + Identity,38,394,4,青い,あおい,aoi,blue,Adjective,,i-adjective,Misc/Bridge,Core open list,Conjugates directly; dictionary form ends in い,2576,1468,0.00755794,chriskempson Japanese subtitles word_freq_report.txt,subtitle match: Japanese form,青い,adj-i,,,,GitHub elzup/jlpt-word-list n5.csv (based on Tanos/Genki),Subtitle corpus POS tags: adj-i,Early conversation anchor
1,Survival + Identity,39,393,5,赤,あか,aka,red,Noun,,Color noun,Misc/Bridge,Core open list,Color term,,,0.00759,wordfreq 3.1.1 Japanese best wordlist,wordfreq fallback: Japanese form,赤,Fallback: no subtitle-corpus match for selected candidates,4.88,,,GitHub elzup/jlpt-word-list n5.csv (based on Tanos/Genki),Manual fallback from word/meaning,Early conversation anchor
1,Survival + Identity,40,352,6,赤い,あかい,akai,red,Adjective,,i-adjective,Misc/Bridge,Core open list,Conjugates directly; dictionary form ends in い,3385,1146,0.00993154,chriskempson Japanese subtitles word_freq_report.txt,subtitle match: Japanese form,赤い,adj-i,,,,GitHub elzup/jlpt-word-list n5.csv (based on Tanos/Genki),Subtitle corpus POS tags: adj-i,Early conversation anchor
1,Survival + Identity,41,545,22,あちら,あちら,achira,this way (polite),Pronoun,,Polite demonstrative pronoun,Misc/Bridge,Core open list,That way over there,1100,2957,0.00322738,chriskempson Japanese subtitles word_freq_report.txt,subtitle match: Japanese form,あちら,"pn,adj-no",,,,GitHub elzup/jlpt-word-list n5.csv (based on Tanos/Genki),Manual learner override for N5 demonstrative/location word,Early conversation anchor
1,Survival + Identity,42,26,28,あなた,あなた,anata,you,Pronoun,,Pronoun,Misc/Bridge,Core open list,Pronoun / can modify nouns with の,74241,54,0.21782189,chriskempson Japanese subtitles word_freq_report.txt,subtitle match: Japanese form,あなた,"pn,adj-no",,,,GitHub elzup/jlpt-word-list n5.csv (based on Tanos/Genki),"Subtitle corpus POS tags: pn,adj-no",Early conversation anchor
1,Survival + Identity,43,17,32,あの,あの,ano,"that over there; like that, that way; um...",Adjective,,pre-noun adjective / filler,Misc/Bridge,Core open list,That ... over there; also used as “um”,92727,39,0.27205952,chriskempson Japanese subtitles word_freq_report.txt,subtitle match: Japanese form,あの,int,,,,GitHub elzup/jlpt-word-list n5.csv (based on Tanos/Genki),Manual learner override for N5 demonstrative,Early conversation anchor
1,Survival + Identity,44,209,105,起きる,おきる,okiru,"to get up (e.g., from sleeping); to happen",Verb,Ichidan,Main verb,Misc/Bridge,Core open list,Intransitive,8157,528,0.02393251,chriskempson Japanese subtitles word_freq_report.txt,subtitle match: Japanese form,起きる,"v1,vi",,,,GitHub elzup/jlpt-word-list n5.csv (based on Tanos/Genki),"Subtitle corpus POS tags: v1,vi",Early conversation anchor
1,Survival + Identity,45,335,208,嫌い,きらい,kirai,dislike,Adjective,,na-adjective,Misc/Bridge,Core open list,Can take な before nouns / also noun-like,3704,1073,0.01086748,chriskempson Japanese subtitles word_freq_report.txt,subtitle match: Japanese form,嫌い,"adj-na,n",,,,GitHub elzup/jlpt-word-list n5.csv (based on Tanos/Genki),"Subtitle corpus POS tags: adj-na,n",Early conversation anchor
1,Survival + Identity,46,15,264,この,この,kono,this,Adjective,,pre-noun adjective,Misc/Bridge,Core open list,Used directly before nouns,104393,34,0.30628737,chriskempson Japanese subtitles word_freq_report.txt,subtitle match: Japanese form,この,adj-pn,,,,GitHub elzup/jlpt-word-list n5.csv (based on Tanos/Genki),Subtitle corpus POS tags: adj-pn,Early conversation anchor
1,Survival + Identity,47,75,331,好き,すき,suki,"liking, fondness, love",Adjective,,na-adjective,Misc/Bridge,Core open list,Can take な before nouns / also noun-like,27082,157,0.07945815,chriskempson Japanese subtitles word_freq_report.txt,subtitle match: Japanese form,好き,"adj-na,n",,,,GitHub elzup/jlpt-word-list n5.csv (based on Tanos/Genki),"Subtitle corpus POS tags: adj-na,n",Early conversation anchor
1,Survival + Identity,48,460,351,ゼロ,ゼロ,zero,zero,Noun,,Number/numeral noun,Misc/Bridge,Core open list,Loanword number,,,0.00525,wordfreq 3.1.1 Japanese best wordlist,wordfreq fallback: Japanese form,ゼロ,Fallback: no subtitle-corpus match for selected candidates,4.72,,,GitHub elzup/jlpt-word-list n5.csv (based on Tanos/Genki),Manual fallback from word/meaning,Early conversation anchor
1,Survival + Identity,49,29,365,その,その,sono,that,Adjective,,pre-noun adjective,Misc/Bridge,Core open list,Used directly before nouns,71017,57,0.20836273,chriskempson Japanese subtitles word_freq_report.txt,subtitle match: Japanese form,その,adj-pn,,,,GitHub elzup/jlpt-word-list n5.csv (based on Tanos/Genki),Subtitle corpus POS tags: adj-pn,Early conversation anchor
1,Survival + Identity,50,564,464,どなた,どなた,donata,who,Pronoun,,Polite interrogative pronoun,Misc/Bridge,Core open list,Who,954,3324,0.00279902,chriskempson Japanese subtitles word_freq_report.txt,subtitle match: Japanese form,どなた,n,,,,GitHub elzup/jlpt-word-list n5.csv (based on Tanos/Genki),Manual learner override for N5 interrogative,Early conversation anchor
1,Survival + Identity,51,192,466,どの,どの,dono,which,Adjective,,pre-noun adjective,Misc/Bridge,Core open list,Used directly before nouns,8879,483,0.02605084,chriskempson Japanese subtitles word_freq_report.txt,subtitle match: Japanese form,どの,adj-pn,,,,GitHub elzup/jlpt-word-list n5.csv (based on Tanos/Genki),Subtitle corpus POS tags: adj-pn,Early conversation anchor
1,Survival + Identity,52,10,488,何,なん; なに,nan; nani,what,Pronoun,,Pronoun,Misc/Bridge,Core open list,Pronoun / can modify nouns with の,122757,24,0.36016705,chriskempson Japanese subtitles word_freq_report.txt,subtitle match: Japanese form,何,"int,pn,adj-no",,,,GitHub elzup/jlpt-word-list n5.csv (based on Tanos/Genki),"Subtitle corpus POS tags: int,pn,adj-no",Early conversation anchor
1,Survival + Identity,53,2,714,私,わたし,watashi,"I, myself",Pronoun,,Pronoun,Misc/Bridge,Core open list,Pronoun / can modify nouns with の,194815,18,0.57158406,chriskempson Japanese subtitles word_freq_report.txt,subtitle match: Japanese form,私,"pn,adj-no",,,,GitHub elzup/jlpt-word-list n5.csv (based on Tanos/Genki),"Subtitle corpus POS tags: pn,adj-no",Early conversation anchor
1,Survival + Identity,54,3,715,私,わたくし,watakushi,"I (formal), myself, private affairs",Pronoun,,Pronoun,Misc/Bridge,Core open list,Pronoun / can modify nouns with の,194815,18,0.57158406,chriskempson Japanese subtitles word_freq_report.txt,subtitle match: Japanese form,私,"pn,adj-no",,,,GitHub elzup/jlpt-word-list n5.csv (based on Tanos/Genki),"Subtitle corpus POS tags: pn,adj-no",Early conversation anchor
1,Survival + Identity,55,49,43,あれ,あれ,are,that one (over there),Pronoun,,Demonstrative pronoun,Numbers/Counters,Core open list,That one over there,35449,114,0.10400679,chriskempson Japanese subtitles word_freq_report.txt,subtitle match: Japanese form,あれ,"v5r-i,vi",,,,GitHub elzup/jlpt-word-list n5.csv (based on Tanos/Genki),Manual learner override for N5 demonstrative,Early conversation anchor
1,Survival + Identity,56,125,57,一,いち,ichi,one,Noun,,Numeral,Numbers/Counters,Core open list,Number/quantity word,15331,266,0.04498091,chriskempson Japanese subtitles word_freq_report.txt,subtitle match: Japanese form,一,"num,pref",,,,GitHub elzup/jlpt-word-list n5.csv (based on Tanos/Genki),"Subtitle corpus POS tags: num,pref",Early conversation anchor
1,Survival + Identity,57,674,201,九,きゅう,kyuu,nine,Noun,,Numeral,Numbers/Counters,Core open list,Number/quantity word,366,7196,0.00107384,chriskempson Japanese subtitles word_freq_report.txt,subtitle match: Japanese form,九,num,,,,GitHub elzup/jlpt-word-list n5.csv (based on Tanos/Genki),Subtitle corpus POS tags: num,Early conversation anchor
1,Survival + Identity,58,675,216,九,く,ku,nine,Noun,,Numeral,Numbers/Counters,Core open list,Number/quantity word,366,7196,0.00107384,chriskempson Japanese subtitles word_freq_report.txt,subtitle match: Japanese form,九,num,,,,GitHub elzup/jlpt-word-list n5.csv (based on Tanos/Genki),Subtitle corpus POS tags: num,Early conversation anchor
1,Survival + Identity,59,640,243,五,ご,go,five,Noun,,Numeral,Numbers/Counters,Core open list,Number/quantity word,531,5344,0.00155795,chriskempson Japanese subtitles word_freq_report.txt,subtitle match: Japanese form,五,num,,,,GitHub elzup/jlpt-word-list n5.csv (based on Tanos/Genki),Subtitle corpus POS tags: num,Early conversation anchor
1,Survival + Identity,60,25,268,これ,これ,kore,this one,Pronoun,,Pronoun,Numbers/Counters,Core open list,Pronoun,74867,53,0.21965857,chriskempson Japanese subtitles word_freq_report.txt,subtitle match: Japanese form,これ,pn,,,,GitHub elzup/jlpt-word-list n5.csv (based on Tanos/Genki),Subtitle corpus POS tags: pn,Early conversation anchor
1,Survival + Identity,61,472,288,三,さん,san,three,Noun,,Numeral,Numbers/Counters,Core open list,Number/quantity word,1626,2161,0.00477066,chriskempson Japanese subtitles word_freq_report.txt,subtitle match: Japanese form,三,num,,,,GitHub elzup/jlpt-word-list n5.csv (based on Tanos/Genki),Subtitle corpus POS tags: num,Early conversation anchor
1,Survival + Identity,62,608,290,四,し,shi,four,Noun,,Numeral,Numbers/Counters,Core open list,Number/quantity word,672,4423,0.00197164,chriskempson Japanese subtitles word_freq_report.txt,subtitle match: Japanese form,四,num,,,,GitHub elzup/jlpt-word-list n5.csv (based on Tanos/Genki),Subtitle corpus POS tags: num,Early conversation anchor
1,Survival + Identity,63,650,300,七,しち,shichi,seven,Noun,,Numeral,Numbers/Counters,Core open list,Number/quantity word,476,5873,0.00139658,chriskempson Japanese subtitles word_freq_report.txt,subtitle match: Japanese form,七,num,,,,GitHub elzup/jlpt-word-list n5.csv (based on Tanos/Genki),Subtitle corpus POS tags: num,Early conversation anchor
1,Survival + Identity,64,385,314,十,じゅう,juu,ten,Noun,,Numeral,Numbers/Counters,Core open list,Number/quantity word,2692,1414,0.00789828,chriskempson Japanese subtitles word_freq_report.txt,subtitle match: Japanese form,十,num,,,,GitHub elzup/jlpt-word-list n5.csv (based on Tanos/Genki),Subtitle corpus POS tags: num,Early conversation anchor
1,Survival + Identity,65,658,352,千,せん,sen,thousand,Noun,,Numeral,Numbers/Counters,Core open list,Number/quantity word,433,6299,0.00127041,chriskempson Japanese subtitles word_freq_report.txt,subtitle match: Japanese form,千,num,,,,GitHub elzup/jlpt-word-list n5.csv (based on Tanos/Genki),Subtitle corpus POS tags: num,Early conversation anchor
1,Survival + Identity,66,793,368,それ,それ,sore,that one,Pronoun,,Demonstrative pronoun,Numbers/Counters,Core open list,That one,3,77470,8.8e-06,chriskempson Japanese subtitles word_freq_report.txt,subtitle match: Japanese form,それ,n,,,,GitHub elzup/jlpt-word-list n5.csv (based on Tanos/Genki),Manual learner override for N5 demonstrative,Early conversation anchor
1,Survival + Identity,67,386,451,十,(〜を) とお,(~o) too,ten (~),Noun,,Numeral,Numbers/Counters,Core open list,Number/quantity word,2692,1414,0.00789828,chriskempson Japanese subtitles word_freq_report.txt,subtitle match: Japanese form,十,num,,,,GitHub elzup/jlpt-word-list n5.csv (based on Tanos/Genki),Subtitle corpus POS tags: num,Early conversation anchor
1,Survival + Identity,68,514,475,どれ,どれ,dore,which one,Pronoun,,Interrogative pronoun,Numbers/Counters,Core open list,Which one,1324,2557,0.00388459,chriskempson Japanese subtitles word_freq_report.txt,subtitle match: Japanese form,どれ,n,,,,GitHub elzup/jlpt-word-list n5.csv (based on Tanos/Genki),Manual learner override for N5 interrogative,Early conversation anchor
1,Survival + Identity,69,11,495,何～,なん～,nan~,what sort of ~,Pronoun,,Pronoun,Numbers/Counters,Core open list,Pronoun / can modify nouns with の,122757,24,0.36016705,chriskempson Japanese subtitles word_freq_report.txt,subtitle match: Japanese form,何,"int,pn,adj-no",,,,GitHub elzup/jlpt-word-list n5.csv (based on Tanos/Genki),"Subtitle corpus POS tags: int,pn,adj-no",Early conversation anchor
1,Survival + Identity,70,503,496,二,に,ni,two,Noun,,Numeral,Numbers/Counters,Core open list,Number/quantity word,1413,2432,0.00414572,chriskempson Japanese subtitles word_freq_report.txt,subtitle match: Japanese form,二,num,,,,GitHub elzup/jlpt-word-list n5.csv (based on Tanos/Genki),Subtitle corpus POS tags: num,Early conversation anchor
1,Survival + Identity,71,682,536,八,はち,hachi,eight,Noun,,Numeral,Numbers/Counters,Core open list,Number/quantity word,331,7797,0.00097115,chriskempson Japanese subtitles word_freq_report.txt,subtitle match: Japanese form,八,num,,,,GitHub elzup/jlpt-word-list n5.csv (based on Tanos/Genki),Subtitle corpus POS tags: num,Early conversation anchor
1,Survival + Identity,72,234,567,一人,ひとり,hitori,one person,Noun,,Common noun,Numbers/Counters,Core open list,Noun-like word,6592,629,0.01934082,chriskempson Japanese subtitles word_freq_report.txt,subtitle match: Japanese form,一人,n,,,,GitHub elzup/jlpt-word-list n5.csv (based on Tanos/Genki),Subtitle corpus POS tags: n,Early conversation anchor
1,Survival + Identity,73,634,569,百,ひゃく,hyaku,hundred,Noun,,Numeral,Numbers/Counters,Core open list,Number/quantity word,563,5113,0.00165183,chriskempson Japanese subtitles word_freq_report.txt,subtitle match: Japanese form,百,num,,,,GitHub elzup/jlpt-word-list n5.csv (based on Tanos/Genki),Subtitle corpus POS tags: num,Early conversation anchor
1,Survival + Identity,74,271,584,二人,ふたり,futari,two people,Noun,,Common noun,Numbers/Counters,Core open list,Noun-like word,5068,789,0.01486943,chriskempson Japanese subtitles word_freq_report.txt,subtitle match: Japanese form,二人,n,,,,GitHub elzup/jlpt-word-list n5.csv (based on Tanos/Genki),Subtitle corpus POS tags: n,Early conversation anchor
1,Survival + Identity,75,594,709,六,ろく,roku,six,Noun,,Numeral,Numbers/Counters,Core open list,Number/quantity word,764,3997,0.00224156,chriskempson Japanese subtitles word_freq_report.txt,subtitle match: Japanese form,六,num,,,,GitHub elzup/jlpt-word-list n5.csv (based on Tanos/Genki),Subtitle corpus POS tags: num,Early conversation anchor
1,Survival + Identity,76,179,9,開く,あく,aku,"to open, to become open",Verb,Godan (-ku ending),Main verb,Core Verbs/Actions,Core open list,Transitive,10036,437,0.02944546,chriskempson Japanese subtitles word_freq_report.txt,subtitle match: Japanese form,開く,"v5k,vt",,,,GitHub elzup/jlpt-word-list n5.csv (based on Tanos/Genki),"Subtitle corpus POS tags: v5k,vt",Early conversation anchor
1,Survival + Identity,77,30,40,在る,ある,aru,"to be, to have",Verb,Godan (-ru irregular honorific),Main verb,Core Verbs/Actions,Core open list,Intransitive,68386,61,0.20064342,chriskempson Japanese subtitles word_freq_report.txt,subtitle match: reading form,ある,"v5r-i,vi",,,,GitHub elzup/jlpt-word-list n5.csv (based on Tanos/Genki),"Subtitle corpus POS tags: v5r-i,vi",Early conversation anchor
1,Survival + Identity,78,31,41,有る,ある,aru,"to be, to have",Verb,Godan (-ru irregular honorific),Main verb,Core Verbs/Actions,Core open list,Intransitive,68386,61,0.20064342,chriskempson Japanese subtitles word_freq_report.txt,subtitle match: reading form,ある,"v5r-i,vi",,,,GitHub elzup/jlpt-word-list n5.csv (based on Tanos/Genki),"Subtitle corpus POS tags: v5r-i,vi",Early conversation anchor
1,Survival + Identity,79,4,46,言う,いう,iu,to say,Verb,Godan (-u ending),Main verb,Core Verbs/Actions,Core open list,,166829,19,0.48947358,chriskempson Japanese subtitles word_freq_report.txt,subtitle match: Japanese form,言う,v5u,,,,GitHub elzup/jlpt-word-list n5.csv (based on Tanos/Genki),Subtitle corpus POS tags: v5u,Early conversation anchor
1,Survival + Identity,80,471,71,居る,いる,iru,"(humble) to be (animate), to exist",Verb,Ichidan,Plain verb,Core Verbs/Actions,Core open list,Intransitive / existence verb,,,0.00479,wordfreq 3.1.1 Japanese best wordlist,wordfreq fallback: Japanese form,居る,Fallback: no subtitle-corpus match for selected candidates,4.68,,,GitHub elzup/jlpt-word-list n5.csv (based on Tanos/Genki),Manual fallback from word/meaning,Early conversation anchor
1,Survival + Identity,81,40,193,聞く,きく,kiku,"to hear, to listen, to ask",Verb,Godan (-ku ending),Main verb,Core Verbs/Actions,Core open list,Transitive,46083,88,0.13520678,chriskempson Japanese subtitles word_freq_report.txt,subtitle match: Japanese form,聞く,"v5k,vt",,,,GitHub elzup/jlpt-word-list n5.csv (based on Tanos/Genki),"Subtitle corpus POS tags: v5k,vt",Early conversation anchor
1,Survival + Identity,82,799,343,する,する,suru,"to do, to try; to wear small items (e.g., necktie, watch, etc.)",Verb,Suru irregular,Suru verb,Core Verbs/Actions,Core open list,,1,96727,2.93e-06,chriskempson Japanese subtitles word_freq_report.txt,subtitle match: Japanese form,する,vs-i,,,,GitHub elzup/jlpt-word-list n5.csv (based on Tanos/Genki),Subtitle corpus POS tags: vs-i,Early conversation anchor
1,Survival + Identity,83,270,648,見る,みる,miru,"to see, to look",Verb,Ichidan,Main verb,Core Verbs/Actions,Core open list,Transitive,5149,774,0.01510708,chriskempson Japanese subtitles word_freq_report.txt,subtitle match: reading form,みる,"v1,vt",,,,GitHub elzup/jlpt-word-list n5.csv (based on Tanos/Genki),"Subtitle corpus POS tags: v1,vt",Early conversation anchor
1,Survival + Identity,84,318,17,あそこ,あそこ,asoko,"there, over there, that place",Pronoun,,Demonstrative place pronoun,Places/Transport/Directions,Core open list,Over there / that place,4064,976,0.01192371,chriskempson Japanese subtitles word_freq_report.txt,subtitle match: Japanese form,あそこ,"pn,adj-no",,,,GitHub elzup/jlpt-word-list n5.csv (based on Tanos/Genki),Manual learner override for N5 demonstrative/location word,Early conversation anchor
1,Survival + Identity,85,83,49,行く,いく; ゆく,iku; yuku,to go,Verb,Godan (-iku/yuku special),Main verb,Places/Transport/Directions,Core open list,Intransitive,25110,168,0.07367233,chriskempson Japanese subtitles word_freq_report.txt,subtitle match: reading form,ゆく,"v5k-s,vi",,,,GitHub elzup/jlpt-word-list n5.csv (based on Tanos/Genki),"Subtitle corpus POS tags: v5k-s,vi",Early conversation anchor
1,Survival + Identity,86,84,151,帰る,かえる,kaeru,"to go back, to go home, to return",Verb,Godan (-ru ending),Main verb,Places/Transport/Directions,Core open list,Intransitive,25073,169,0.07356378,chriskempson Japanese subtitles word_freq_report.txt,subtitle match: Japanese form,帰る,"v5r,vi",,,,GitHub elzup/jlpt-word-list n5.csv (based on Tanos/Genki),"Subtitle corpus POS tags: v5r,vi",Early conversation anchor
1,Survival + Identity,87,6,230,来る,くる,kuru,to come,Verb,Kuru irregular,Main verb,Places/Transport/Directions,Core open list,Intransitive / Auxiliary use,143746,21,0.42174844,chriskempson Japanese subtitles word_freq_report.txt,subtitle match: Japanese form,来る,"vk,vi,aux-v",,,,GitHub elzup/jlpt-word-list n5.csv (based on Tanos/Genki),"Subtitle corpus POS tags: vk,vi,aux-v",Early conversation anchor
1,Survival + Identity,88,46,252,ここ,ここ,koko,"here, this place",Pronoun,,Demonstrative place pronoun,Places/Transport/Directions,Core open list,Here / this place,41250,99,0.12102683,chriskempson Japanese subtitles word_freq_report.txt,subtitle match: Japanese form,ここ,n,,,,GitHub elzup/jlpt-word-list n5.csv (based on Tanos/Genki),Manual learner override for N5 demonstrative/location word,Early conversation anchor
1,Survival + Identity,89,175,361,そこ,そこ,soko,"that place, there; bottom, sole",Pronoun,,Demonstrative place pronoun,Places/Transport/Directions,Core open list,There / that place,,,0.0302,wordfreq 3.1.1 Japanese best wordlist,wordfreq fallback: Japanese form,そこ,Fallback: no subtitle-corpus match for selected candidates,5.48,,,GitHub elzup/jlpt-word-list n5.csv (based on Tanos/Genki),Manual learner override for N5 demonstrative/location word,Early conversation anchor
1,Survival + Identity,90,78,457,どこ,どこ,doko,"where, what place",Pronoun,,Pronoun,Places/Transport/Directions,Core open list,Pronoun / can modify nouns with の,26000,161,0.07628358,chriskempson Japanese subtitles word_freq_report.txt,subtitle match: Japanese form,どこ,"pn,adj-no",,,,GitHub elzup/jlpt-word-list n5.csv (based on Tanos/Genki),"Subtitle corpus POS tags: pn,adj-no",Early conversation anchor
1,Survival + Identity,91,201,97,美味しい,おいしい,oishii,"delicious, tasty",Adjective,,i-adjective,Food/Shopping,Core open list,Conjugates directly; dictionary form ends in い,8523,507,0.02500634,chriskempson Japanese subtitles word_freq_report.txt,subtitle match: reading form,おいしい,adj-i,,,,GitHub elzup/jlpt-word-list n5.csv (based on Tanos/Genki),Subtitle corpus POS tags: adj-i,Early conversation anchor
1,Survival + Identity,92,86,393,食べる,たべる,taberu,to eat,Verb,Ichidan,Main verb,Food/Shopping,Core open list,Transitive,24449,171,0.07173297,chriskempson Japanese subtitles word_freq_report.txt,subtitle match: Japanese form,食べる,"v1,vt",,,,GitHub elzup/jlpt-word-list n5.csv (based on Tanos/Genki),"Subtitle corpus POS tags: v1,vt",Early conversation anchor
1,Survival + Identity,93,131,515,飲む,のむ,nomu,to drink,Verb,Godan (-mu ending),Main verb,Food/Shopping,Core open list,Transitive,14707,282,0.0431501,chriskempson Japanese subtitles word_freq_report.txt,subtitle match: Japanese form,飲む,"v5m,vt",,,,GitHub elzup/jlpt-word-list n5.csv (based on Tanos/Genki),"Subtitle corpus POS tags: v5m,vt",Early conversation anchor
1,Survival + Identity,94,200,510,寝る,ねる,neru,to sleep; to go to sleep; to go to bed,Verb,Ichidan,Main verb,Home/Objects,Core open list,Intransitive,8560,504,0.0251149,chriskempson Japanese subtitles word_freq_report.txt,subtitle match: Japanese form,寝る,"v1,vi",,,,GitHub elzup/jlpt-word-list n5.csv (based on Tanos/Genki),"Subtitle corpus POS tags: v1,vi",Early conversation anchor
1,Survival + Identity,95,98,541,話す,はなす,hanasu,to speak,Verb,Godan (-su ending),Main verb,School/Work/Language,Core open list,Transitive,20919,197,0.06137601,chriskempson Japanese subtitles word_freq_report.txt,subtitle match: Japanese form,話す,"v5s,vt",,,,GitHub elzup/jlpt-word-list n5.csv (based on Tanos/Genki),"Subtitle corpus POS tags: v5s,vt",Early conversation anchor
1,Survival + Identity,96,202,21,新しい,あたらしい,atarashii,new,Adjective,,i-adjective,Adjectives/Adverbs/Abstract,Core open list,Conjugates directly; dictionary form ends in い,8466,512,0.02483911,chriskempson Japanese subtitles word_freq_report.txt,subtitle match: Japanese form,新しい,adj-i,,,,GitHub elzup/jlpt-word-list n5.csv (based on Tanos/Genki),Subtitle corpus POS tags: adj-i,Early conversation anchor
1,Survival + Identity,97,23,44,いい,いい,ii,good,Adjective,,i-adjective,Adjectives/Adverbs/Abstract,Core open list,Conjugates directly; dictionary form ends in い,77388,51,0.22705514,chriskempson Japanese subtitles word_freq_report.txt,subtitle match: Japanese form,いい,adj-i,,,,GitHub elzup/jlpt-word-list n5.csv (based on Tanos/Genki),Subtitle corpus POS tags: adj-i,Early conversation anchor
1,Survival + Identity,98,275,99,大きい,おおきい,ookii,"big, large",Adjective,,i-adjective,Adjectives/Adverbs/Abstract,Core open list,Conjugates directly; dictionary form ends in い,5033,794,0.01476674,chriskempson Japanese subtitles word_freq_report.txt,subtitle match: Japanese form,大きい,adj-i,,,,GitHub elzup/jlpt-word-list n5.csv (based on Tanos/Genki),Subtitle corpus POS tags: adj-i,Early conversation anchor
1,Survival + Identity,99,395,399,小さい,ちいさい,chiisai,"small, little",Adjective,,i-adjective,Adjectives/Adverbs/Abstract,Core open list,Conjugates directly; dictionary form ends in い,2526,1492,0.00741124,chriskempson Japanese subtitles word_freq_report.txt,subtitle match: Japanese form,小さい,adj-i,,,,GitHub elzup/jlpt-word-list n5.csv (based on Tanos/Genki),Subtitle corpus POS tags: adj-i,Early conversation anchor
1,Survival + Identity,100,81,718,悪い,わるい,warui,"bad, sinful; inferior",Adjective,,i-adjective,Adjectives/Adverbs/Abstract,Core open list,Conjugates directly; dictionary form ends in い,25504,165,0.07482832,chriskempson Japanese subtitles word_freq_report.txt,subtitle match: Japanese form,悪い,adj-i,,,,GitHub elzup/jlpt-word-list n5.csv (based on Tanos/Genki),Subtitle corpus POS tags: adj-i,Early conversation anchor
2,Daily Routine + Time,1,572,8,秋,あき,aki,fall (season),Noun,,Temporal noun,Time/Calendar,Core open list,Noun-like word,901,3508,0.00264352,chriskempson Japanese subtitles word_freq_report.txt,subtitle match: Japanese form,秋,n-t,,,,GitHub elzup/jlpt-word-list n5.csv (based on Tanos/Genki),Subtitle corpus POS tags: n-t,Daily routine and time anchor
2,Daily Routine + Time,2,239,12,朝,あさ,asa,morning,Noun,,Temporal noun / Adverbial noun,Time/Calendar,Core open list,Noun-like word,6254,658,0.01834913,chriskempson Japanese subtitles word_freq_report.txt,subtitle match: Japanese form,朝,"n-adv,n-t",,,,GitHub elzup/jlpt-word-list n5.csv (based on Tanos/Genki),"Subtitle corpus POS tags: n-adv,n-t",Daily routine and time anchor
2,Daily Routine + Time,3,778,13,朝御飯,あさごはん,asagohan,breakfast,Noun,,Common noun,Time/Calendar,Core open list,Noun-like word,28,35679,8.215e-05,chriskempson Japanese subtitles word_freq_report.txt,subtitle match: Japanese form,朝御飯,n,,,,GitHub elzup/jlpt-word-list n5.csv (based on Tanos/Genki),Subtitle corpus POS tags: n,Daily routine and time anchor
2,Daily Routine + Time,4,286,18,遊ぶ,あそぶ,asobu,to play; to spend time pleasantly; to hang out,Verb,Godan (-bu ending),Main verb,Time/Calendar,Core open list,Intransitive,4830,825,0.01417114,chriskempson Japanese subtitles word_freq_report.txt,subtitle match: Japanese form,遊ぶ,"v5b,vi",,,,GitHub elzup/jlpt-word-list n5.csv (based on Tanos/Genki),"Subtitle corpus POS tags: v5b,vi",Daily routine and time anchor
2,Daily Routine + Time,5,441,58,一日,いちにち,ichinichi,one day (duration),Noun,,Common noun,Time/Calendar,Core open list,Noun-like word,1991,1839,0.00584156,chriskempson Japanese subtitles word_freq_report.txt,subtitle match: Japanese form,一日,n,,,,GitHub elzup/jlpt-word-list n5.csv (based on Tanos/Genki),Subtitle corpus POS tags: n,Daily routine and time anchor
2,Daily Routine + Time,6,319,61,五日,いつか,itsuka,five days; fifth day of the month,Noun,,Common noun,Time/Calendar,Core open list,Noun-like word,4059,977,0.01190904,chriskempson Japanese subtitles word_freq_report.txt,subtitle match: Japanese form,五日,n,,,,GitHub elzup/jlpt-word-list n5.csv (based on Tanos/Genki),Subtitle corpus POS tags: n,Daily routine and time anchor
2,Daily Routine + Time,7,157,64,いつも,いつも,itsumo,"always, usually, every time, never (with neg. verb)",Noun,,Common noun,Time/Calendar,Core open list,Noun-like word,12279,356,0.03602639,chriskempson Japanese subtitles word_freq_report.txt,subtitle match: Japanese form,いつも,"adv,n",,,,GitHub elzup/jlpt-word-list n5.csv (based on Tanos/Genki),"Subtitle corpus POS tags: adv,n",Daily routine and time anchor
2,Daily Routine + Time,8,787,122,おととし,おととし,ototoshi,year before last,Noun,,Temporal noun,Time/Calendar,Core open list,Time expression,,,2.88e-05,wordfreq 3.1.1 Japanese best wordlist,wordfreq fallback: Japanese form,おととし,Fallback: no subtitle-corpus match for selected candidates,2.46,,,GitHub elzup/jlpt-word-list n5.csv (based on Tanos/Genki),Manual fallback from word/meaning,Daily routine and time anchor
2,Daily Routine + Time,9,433,153,かかる,かかる,kakaru,"it takes (amount of time, money) (v.i.)",Verb,Godan (-ru ending),Main verb,Time/Calendar,Core open list,,2058,1791,0.00603814,chriskempson Japanese subtitles word_freq_report.txt,subtitle match: Japanese form,かかる,v5r,,,,GitHub elzup/jlpt-word-list n5.csv (based on Tanos/Genki),Subtitle corpus POS tags: v5r,Daily routine and time anchor
2,Daily Routine + Time,10,337,167,～月,～がつ,~gatsu,month of year,Counter,,Counter / counting suffix,Time/Calendar,Core open list,Counter or measure word,3678,1078,0.01079119,chriskempson Japanese subtitles word_freq_report.txt,subtitle match: Japanese form,月,n,,,,GitHub elzup/jlpt-word-list n5.csv (based on Tanos/Genki),Subtitle corpus POS tags: n,Daily routine and time anchor
2,Daily Routine + Time,11,703,177,火曜日,かようび,kayoubi,Tuesday,Noun,,Temporal noun / Adverbial noun,Time/Calendar,Core open list,Noun-like word,239,9892,0.00070122,chriskempson Japanese subtitles word_freq_report.txt,subtitle match: Japanese form,火曜日,"n-adv,n-t",,,,GitHub elzup/jlpt-word-list n5.csv (based on Tanos/Genki),"Subtitle corpus POS tags: n-adv,n-t",Daily routine and time anchor
2,Daily Routine + Time,12,476,207,去年,きょねん,kyonen,last year,Noun,,Temporal noun / Adverbial noun,Time/Calendar,Core open list,Noun-like word,1592,2204,0.0046709,chriskempson Japanese subtitles word_freq_report.txt,subtitle match: Japanese form,去年,"n-adv,n-t",,,,GitHub elzup/jlpt-word-list n5.csv (based on Tanos/Genki),"Subtitle corpus POS tags: n-adv,n-t",Daily routine and time anchor
2,Daily Routine + Time,13,653,215,金曜日,きんようび,kin'youbi,Friday,Noun,,Temporal noun / Adverbial noun,Time/Calendar,Core open list,Noun-like word,466,5973,0.00136724,chriskempson Japanese subtitles word_freq_report.txt,subtitle match: Japanese form,金曜日,"n-adv,n-t",,,,GitHub elzup/jlpt-word-list n5.csv (based on Tanos/Genki),"Subtitle corpus POS tags: n-adv,n-t",Daily routine and time anchor
2,Daily Routine + Time,14,415,235,今朝,けさ,kesa,this morning,Noun,,Temporal noun,Time/Calendar,Core open list,Noun-like word,2235,1659,0.00655745,chriskempson Japanese subtitles word_freq_report.txt,subtitle match: Japanese form,今朝,n-t,,,,GitHub elzup/jlpt-word-list n5.csv (based on Tanos/Genki),Subtitle corpus POS tags: n-t,Daily routine and time anchor
2,Daily Routine + Time,15,688,239,月曜日,げつようび,getsuyoubi,Monday,Noun,,Temporal noun / Adverbial noun,Time/Calendar,Core open list,Noun-like word,299,8396,0.00087726,chriskempson Japanese subtitles word_freq_report.txt,subtitle match: Japanese form,月曜日,"n-adv,n-t",,,,GitHub elzup/jlpt-word-list n5.csv (based on Tanos/Genki),"Subtitle corpus POS tags: n-adv,n-t",Daily routine and time anchor
2,Daily Routine + Time,16,423,253,午後,ごご,gogo,"afternoon, P.M.",Noun,,Temporal noun / Adverbial noun,Time/Calendar,Core open list,Noun-like word,2173,1703,0.00637555,chriskempson Japanese subtitles word_freq_report.txt,subtitle match: Japanese form,午後,"n-adv,n-t",,,,GitHub elzup/jlpt-word-list n5.csv (based on Tanos/Genki),"Subtitle corpus POS tags: n-adv,n-t",Daily routine and time anchor
2,Daily Routine + Time,17,790,254,九日,ここのか,kokonoka,nine days; ninth day of the month,Noun,,Common noun,Time/Calendar,Core open list,Noun-like word,5,67830,1.467e-05,chriskempson Japanese subtitles word_freq_report.txt,subtitle match: Japanese form,九日,n,,,,GitHub elzup/jlpt-word-list n5.csv (based on Tanos/Genki),Subtitle corpus POS tags: n,Daily routine and time anchor
2,Daily Routine + Time,18,587,256,午前,ごぜん,gozen,"morning, A.M.",Noun,,Temporal noun / Adverbial noun,Time/Calendar,Core open list,Noun-like word,798,3867,0.00234132,chriskempson Japanese subtitles word_freq_report.txt,subtitle match: Japanese form,午前,"n-adv,n-t",,,,GitHub elzup/jlpt-word-list n5.csv (based on Tanos/Genki),"Subtitle corpus POS tags: n-adv,n-t",Daily routine and time anchor
2,Daily Routine + Time,19,325,261,今年,ことし,kotoshi,this year,Noun,,Temporal noun / Adverbial noun,Time/Calendar,Core open list,Noun-like word,3932,1009,0.01153642,chriskempson Japanese subtitles word_freq_report.txt,subtitle match: Japanese form,今年,"n-adv,n-t",,,,GitHub elzup/jlpt-word-list n5.csv (based on Tanos/Genki),"Subtitle corpus POS tags: n-adv,n-t",Daily routine and time anchor
2,Daily Routine + Time,20,576,270,今月,こんげつ,kongetsu,this month,Noun,,Temporal noun / Adverbial noun,Time/Calendar,Core open list,Noun-like word,877,3582,0.0025731,chriskempson Japanese subtitles word_freq_report.txt,subtitle match: Japanese form,今月,"n-adv,n-t",,,,GitHub elzup/jlpt-word-list n5.csv (based on Tanos/Genki),"Subtitle corpus POS tags: n-adv,n-t",Daily routine and time anchor
2,Daily Routine + Time,21,586,271,今週,こんしゅう,konshuu,this week,Noun,,Temporal noun / Adverbial noun,Time/Calendar,Core open list,Noun-like word,798,3867,0.00234132,chriskempson Japanese subtitles word_freq_report.txt,subtitle match: Japanese form,今週,"n-adv,n-t",,,,GitHub elzup/jlpt-word-list n5.csv (based on Tanos/Genki),"Subtitle corpus POS tags: n-adv,n-t",Daily routine and time anchor
2,Daily Routine + Time,22,667,273,今晩,こんばん,komban,"tonight, this evening",Noun,,Temporal noun / Adverbial noun,Time/Calendar,Core open list,Noun-like word,407,6611,0.00119413,chriskempson Japanese subtitles word_freq_report.txt,subtitle match: Japanese form,今晩,"n-adv,n-t",,,,GitHub elzup/jlpt-word-list n5.csv (based on Tanos/Genki),"Subtitle corpus POS tags: n-adv,n-t",Daily routine and time anchor
2,Daily Routine + Time,23,797,286,さ来年,さらいねん,sarainen,year after next,Noun,,Temporal noun / Adverbial noun,Time/Calendar,Core open list,Noun-like word,2,85068,5.87e-06,chriskempson Japanese subtitles word_freq_report.txt,subtitle match: Japanese form,さ来年,"n-adv,n-t",,,,GitHub elzup/jlpt-word-list n5.csv (based on Tanos/Genki),"Subtitle corpus POS tags: n-adv,n-t",Daily routine and time anchor
2,Daily Routine + Time,24,60,291,～時,～じ,~ji,~ o'clock (time),Counter,,Counter / counting suffix,Time/Calendar,Core open list,Counter or measure word,32266,129,0.09466792,chriskempson Japanese subtitles word_freq_report.txt,subtitle match: Japanese form,時,n,,,,GitHub elzup/jlpt-word-list n5.csv (based on Tanos/Genki),Subtitle corpus POS tags: n,Daily routine and time anchor
2,Daily Routine + Time,25,109,294,時間,じかん,jikan,time,Noun,,Adverbial noun,Time/Calendar,Core open list,Noun-like word,19070,221,0.05595107,chriskempson Japanese subtitles word_freq_report.txt,subtitle match: Japanese form,時間,"n-adv,n",,,,GitHub elzup/jlpt-word-list n5.csv (based on Tanos/Genki),"Subtitle corpus POS tags: n-adv,n",Daily routine and time anchor
2,Daily Routine + Time,26,110,295,～時間,～じかん,~jikan,~ hours,Counter,,Counter / counting suffix,Time/Calendar,Core open list,Counter or measure word,19070,221,0.05595107,chriskempson Japanese subtitles word_freq_report.txt,subtitle match: Japanese form,時間,"n-adv,n",,,,GitHub elzup/jlpt-word-list n5.csv (based on Tanos/Genki),"Subtitle corpus POS tags: n-adv,n",Daily routine and time anchor
2,Daily Routine + Time,27,698,328,水曜日,すいようび,suiyoubi,Wednesday,Noun,,Temporal noun / Adverbial noun,Time/Calendar,Core open list,Noun-like word,253,9511,0.0007423,chriskempson Japanese subtitles word_freq_report.txt,subtitle match: Japanese form,水曜日,"n-adv,n-t",,,,GitHub elzup/jlpt-word-list n5.csv (based on Tanos/Genki),"Subtitle corpus POS tags: n-adv,n-t",Daily routine and time anchor
2,Daily Routine + Time,28,632,353,先月,せんげつ,sengetsu,last month,Noun,,Temporal noun / Adverbial noun,Time/Calendar,Core open list,Noun-like word,569,5067,0.00166944,chriskempson Japanese subtitles word_freq_report.txt,subtitle match: Japanese form,先月,"n-adv,n-t",,,,GitHub elzup/jlpt-word-list n5.csv (based on Tanos/Genki),"Subtitle corpus POS tags: n-adv,n-t",Daily routine and time anchor
2,Daily Routine + Time,29,583,354,先週,せんしゅう,senshuu,last week,Noun,,Temporal noun / Adverbial noun,Time/Calendar,Core open list,Noun-like word,839,3725,0.00246161,chriskempson Japanese subtitles word_freq_report.txt,subtitle match: Japanese form,先週,"n-adv,n-t",,,,GitHub elzup/jlpt-word-list n5.csv (based on Tanos/Genki),"Subtitle corpus POS tags: n-adv,n-t",Daily routine and time anchor
2,Daily Routine + Time,30,369,397,誕生日,たんじょうび,tanjoubi,birthday,Noun,,Common noun,Time/Calendar,Core open list,Noun-like word,2995,1274,0.00878728,chriskempson Japanese subtitles word_freq_report.txt,subtitle match: Japanese form,誕生日,n,,,,GitHub elzup/jlpt-word-list n5.csv (based on Tanos/Genki),Subtitle corpus POS tags: n,Daily routine and time anchor
2,Daily Routine + Time,31,442,412,一日,ついたち,tsuitachi,one day; first day of the month,Noun,,Common noun,Time/Calendar,Core open list,Noun-like word,1991,1839,0.00584156,chriskempson Japanese subtitles word_freq_report.txt,subtitle match: Japanese form,一日,n,,,,GitHub elzup/jlpt-word-list n5.csv (based on Tanos/Genki),Subtitle corpus POS tags: n,Daily routine and time anchor
2,Daily Routine + Time,32,769,453,十日,とおか,tooka,ten days; tenth day of the month,Noun,,Common noun,Time/Calendar,Core open list,Noun-like word,44,28390,0.0001291,chriskempson Japanese subtitles word_freq_report.txt,subtitle match: Japanese form,十日,n,,,,GitHub elzup/jlpt-word-list n5.csv (based on Tanos/Genki),Subtitle corpus POS tags: n,Daily routine and time anchor
2,Daily Routine + Time,33,61,454,～時,～とき,~toki,at the time of ~,Suffix,,Suffix / bound word,Time/Calendar,Core open list,Attaches to another word or number,32266,129,0.09466792,chriskempson Japanese subtitles word_freq_report.txt,subtitle match: Japanese form,時,n,,,,GitHub elzup/jlpt-word-list n5.csv (based on Tanos/Genki),Subtitle corpus POS tags: n,Daily routine and time anchor
2,Daily Routine + Time,34,473,455,時々,ときどき,tokidoki,sometimes,Noun,,no-adjective noun,Time/Calendar,Core open list,Noun-like word,1623,2163,0.00476186,chriskempson Japanese subtitles word_freq_report.txt,subtitle match: Japanese form,時々,"adv,n,adj-no",,,,GitHub elzup/jlpt-word-list n5.csv (based on Tanos/Genki),"Subtitle corpus POS tags: adv,n,adj-no",Daily routine and time anchor
2,Daily Routine + Time,35,524,456,時計,とけい,tokei,a watch; a clock,Noun,,Common noun,Time/Calendar,Core open list,Noun-like word,1251,2664,0.00367041,chriskempson Japanese subtitles word_freq_report.txt,subtitle match: Japanese form,時計,n,,,,GitHub elzup/jlpt-word-list n5.csv (based on Tanos/Genki),Subtitle corpus POS tags: n,Daily routine and time anchor
2,Daily Routine + Time,36,50,459,年,とし,toshi,"year, age",Noun,,Adverbial noun,Time/Calendar,Core open list,Noun-like word,35074,117,0.10290655,chriskempson Japanese subtitles word_freq_report.txt,subtitle match: Japanese form,年,"n-adv,n",,,,GitHub elzup/jlpt-word-list n5.csv (based on Tanos/Genki),"Subtitle corpus POS tags: n-adv,n",Daily routine and time anchor
2,Daily Routine + Time,37,638,470,土曜日,どようび,doyoubi,Saturday,Noun,,Temporal noun / Adverbial noun,Time/Calendar,Core open list,Noun-like word,534,5317,0.00156675,chriskempson Japanese subtitles word_freq_report.txt,subtitle match: Japanese form,土曜日,"n-adv,n-t",,,,GitHub elzup/jlpt-word-list n5.csv (based on Tanos/Genki),"Subtitle corpus POS tags: n-adv,n-t",Daily routine and time anchor
2,Daily Routine + Time,38,328,484,夏,なつ,natsu,summer,Noun,,Temporal noun / Adverbial noun,Time/Calendar,Core open list,Noun-like word,3900,1015,0.01144254,chriskempson Japanese subtitles word_freq_report.txt,subtitle match: Japanese form,夏,"n-adv,n-t",,,,GitHub elzup/jlpt-word-list n5.csv (based on Tanos/Genki),"Subtitle corpus POS tags: n-adv,n-t",Daily routine and time anchor
2,Daily Routine + Time,39,589,485,夏休み,なつやすみ,natsuyasumi,summer vacation,Noun,,Common noun,Time/Calendar,Core open list,Noun-like word,793,3898,0.00232665,chriskempson Japanese subtitles word_freq_report.txt,subtitle match: Japanese form,夏休み,n,,,,GitHub elzup/jlpt-word-list n5.csv (based on Tanos/Genki),Subtitle corpus POS tags: n,Daily routine and time anchor
2,Daily Routine + Time,40,232,489,七日,なのか,nanoka,seven days; seventh day (of the month),Noun,,Adverbial noun,Time/Calendar,Core open list,Noun-like word,6703,622,0.01966649,chriskempson Japanese subtitles word_freq_report.txt,subtitle match: Japanese form,七日,n-adv,,,,GitHub elzup/jlpt-word-list n5.csv (based on Tanos/Genki),Subtitle corpus POS tags: n-adv,Daily routine and time anchor
2,Daily Routine + Time,41,132,500,～日,～にち,~nichi,"~ day of the month, for ~ days",Counter,,Counter / counting suffix,Time/Calendar,Core open list,Counter or measure word,14638,287,0.04294766,chriskempson Japanese subtitles word_freq_report.txt,subtitle match: Japanese form,日,"n-adv,n-t",,,,GitHub elzup/jlpt-word-list n5.csv (based on Tanos/Genki),"Subtitle corpus POS tags: n-adv,n-t",Daily routine and time anchor
2,Daily Routine + Time,42,621,501,日曜日,にちようび,nichiyoubi,Sunday,Noun,,Temporal noun / Adverbial noun,Time/Calendar,Core open list,Noun-like word,624,4697,0.00183081,chriskempson Japanese subtitles word_freq_report.txt,subtitle match: Japanese form,日曜日,"n-adv,n-t",,,,GitHub elzup/jlpt-word-list n5.csv (based on Tanos/Genki),"Subtitle corpus POS tags: n-adv,n-t",Daily routine and time anchor
2,Daily Routine + Time,43,51,511,～年,～ねん,~nen,~ years,Counter,,Counter / counting suffix,Time/Calendar,Core open list,Counter or measure word,35074,117,0.10290655,chriskempson Japanese subtitles word_freq_report.txt,subtitle match: Japanese form,年,"n-adv,n",,,,GitHub elzup/jlpt-word-list n5.csv (based on Tanos/Genki),"Subtitle corpus POS tags: n-adv,n",Daily routine and time anchor
2,Daily Routine + Time,44,742,530,初めて,はじめて,hajimete,for the first time,Adjective,,no-adjective,Time/Calendar,Core open list,Takes の before nouns,127,15236,0.00037262,chriskempson Japanese subtitles word_freq_report.txt,subtitle match: Japanese form,初めて,"adv,adj-no",,,,GitHub elzup/jlpt-word-list n5.csv (based on Tanos/Genki),"Subtitle corpus POS tags: adv,adj-no",Daily routine and time anchor
2,Daily Routine + Time,45,774,537,二十日,はつか,hatsuka,"twenty days, twentieth (day of the month)",Noun,,Common noun,Time/Calendar,Core open list,Noun-like word,31,33972,9.095e-05,chriskempson Japanese subtitles word_freq_report.txt,subtitle match: Japanese form,二十日,n,,,,GitHub elzup/jlpt-word-list n5.csv (based on Tanos/Genki),Subtitle corpus POS tags: n,Daily routine and time anchor
2,Daily Routine + Time,46,412,545,春,はる,haru,spring,Noun,,Temporal noun / Adverbial noun,Time/Calendar,Core open list,Noun-like word,2323,1612,0.00681564,chriskempson Japanese subtitles word_freq_report.txt,subtitle match: Japanese form,春,"n-adv,n-t",,,,GitHub elzup/jlpt-word-list n5.csv (based on Tanos/Genki),"Subtitle corpus POS tags: n-adv,n-t",Daily routine and time anchor
2,Daily Routine + Time,47,578,550,晩,ばん,ban,evening,Noun,,Temporal noun / Adverbial noun,Time/Calendar,Core open list,Noun-like word,865,3618,0.0025379,chriskempson Japanese subtitles word_freq_report.txt,subtitle match: Japanese form,晩,"n-adv,n-t",,,,GitHub elzup/jlpt-word-list n5.csv (based on Tanos/Genki),"Subtitle corpus POS tags: n-adv,n-t",Daily routine and time anchor
2,Daily Routine + Time,48,772,555,晩御飯,ばんごはん,bangohan,"dinner, evening meal",Noun,,Common noun,Time/Calendar,Core open list,Noun-like word,35,31952,0.00010269,chriskempson Japanese subtitles word_freq_report.txt,subtitle match: Japanese form,晩御飯,n,,,,GitHub elzup/jlpt-word-list n5.csv (based on Tanos/Genki),Subtitle corpus POS tags: n,Daily routine and time anchor
2,Daily Routine + Time,49,713,566,一月,ひとつき,hitotsuki,one month,Noun,,Adverbial noun,Time/Calendar,Core open list,Noun-like word,213,10763,0.00062494,chriskempson Japanese subtitles word_freq_report.txt,subtitle match: Japanese form,一月,n-adv,,,,GitHub elzup/jlpt-word-list n5.csv (based on Tanos/Genki),Subtitle corpus POS tags: n-adv,Daily routine and time anchor
2,Daily Routine + Time,50,375,568,暇,ひま,hima,"free time, leisure",Adjective,,na-adjective,Time/Calendar,Core open list,Can take な before nouns / also noun-like,2880,1330,0.00844987,chriskempson Japanese subtitles word_freq_report.txt,subtitle match: Japanese form,暇,"adj-na,n",,,,GitHub elzup/jlpt-word-list n5.csv (based on Tanos/Genki),"Subtitle corpus POS tags: adj-na,n",Daily routine and time anchor
2,Daily Routine + Time,51,568,573,昼,ひる,hiru,"noon, daytime",Noun,,Temporal noun / Adverbial noun,Time/Calendar,Core open list,Noun-like word,919,3444,0.00269633,chriskempson Japanese subtitles word_freq_report.txt,subtitle match: Japanese form,昼,"n-adv,n-t",,,,GitHub elzup/jlpt-word-list n5.csv (based on Tanos/Genki),"Subtitle corpus POS tags: n-adv,n-t",Daily routine and time anchor
2,Daily Routine + Time,52,758,585,二日,ふつか,futsuka,two days; second day of the month,Noun,,Common noun,Time/Calendar,Core open list,Noun-like word,75,21059,0.00022005,chriskempson Japanese subtitles word_freq_report.txt,subtitle match: Japanese form,二日,n,,,,GitHub elzup/jlpt-word-list n5.csv (based on Tanos/Genki),Subtitle corpus POS tags: n,Daily routine and time anchor
2,Daily Routine + Time,53,482,587,冬,ふゆ,fuyu,winter,Noun,,Temporal noun / Adverbial noun,Time/Calendar,Core open list,Noun-like word,1519,2286,0.00445672,chriskempson Japanese subtitles word_freq_report.txt,subtitle match: Japanese form,冬,"n-adv,n-t",,,,GitHub elzup/jlpt-word-list n5.csv (based on Tanos/Genki),"Subtitle corpus POS tags: n-adv,n-t",Daily routine and time anchor
2,Daily Routine + Time,54,643,615,毎朝,まいあさ,maiasa,every morning,Noun,,Temporal noun / Adverbial noun,Time/Calendar,Core open list,Noun-like word,512,5524,0.0015022,chriskempson Japanese subtitles word_freq_report.txt,subtitle match: Japanese form,毎朝,"n-adv,n-t",,,,GitHub elzup/jlpt-word-list n5.csv (based on Tanos/Genki),"Subtitle corpus POS tags: n-adv,n-t",Daily routine and time anchor
2,Daily Routine + Time,55,668,616,毎月,まいげつ; まいつき,maigetsu; maitsuki,"every month, monthly",Noun,,Adverbial noun,Time/Calendar,Core open list,Noun-like word,405,6633,0.00118826,chriskempson Japanese subtitles word_freq_report.txt,subtitle match: Japanese form,毎月,"n-adv,n",,,,GitHub elzup/jlpt-word-list n5.csv (based on Tanos/Genki),"Subtitle corpus POS tags: n-adv,n",Daily routine and time anchor
2,Daily Routine + Time,56,681,617,毎週,まいしゅう,maishuu,every week,Noun,,Temporal noun / Adverbial noun,Time/Calendar,Core open list,Noun-like word,333,7761,0.00097702,chriskempson Japanese subtitles word_freq_report.txt,subtitle match: Japanese form,毎週,"n-adv,n-t",,,,GitHub elzup/jlpt-word-list n5.csv (based on Tanos/Genki),"Subtitle corpus POS tags: n-adv,n-t",Daily routine and time anchor
2,Daily Routine + Time,57,263,618,毎日,まいにち,mainichi,every day,Noun,,Temporal noun / Adverbial noun,Time/Calendar,Core open list,Noun-like word,5293,753,0.01552958,chriskempson Japanese subtitles word_freq_report.txt,subtitle match: Japanese form,毎日,"n-adv,n-t",,,,GitHub elzup/jlpt-word-list n5.csv (based on Tanos/Genki),"Subtitle corpus POS tags: n-adv,n-t",Daily routine and time anchor
2,Daily Routine + Time,58,570,619,毎年,まいねん; まいとし,mainen; maitoshi,"every year, yearly, annually",Noun,,Temporal noun,Time/Calendar,Core open list,Noun-like word,907,3486,0.00266112,chriskempson Japanese subtitles word_freq_report.txt,subtitle match: Japanese form,毎年,n-t,,,,GitHub elzup/jlpt-word-list n5.csv (based on Tanos/Genki),Subtitle corpus POS tags: n-t,Daily routine and time anchor
2,Daily Routine + Time,59,641,620,毎晩,まいばん,maiban,every night,Noun,,Temporal noun / Adverbial noun,Time/Calendar,Core open list,Noun-like word,526,5380,0.00154328,chriskempson Japanese subtitles word_freq_report.txt,subtitle match: Japanese form,毎晩,"n-adv,n-t",,,,GitHub elzup/jlpt-word-list n5.csv (based on Tanos/Genki),"Subtitle corpus POS tags: n-adv,n-t",Daily routine and time anchor
2,Daily Routine + Time,60,711,634,万年筆,まんねんひつ,mannenhitsu,fountain pen,Noun,,Common noun,Time/Calendar,Core open list,Noun-like word,225,10332,0.00066015,chriskempson Japanese subtitles word_freq_report.txt,subtitle match: Japanese form,万年筆,n,,,,GitHub elzup/jlpt-word-list n5.csv (based on Tanos/Genki),Subtitle corpus POS tags: n,Daily routine and time anchor
2,Daily Routine + Time,61,738,642,三日,みっか,mikka,"three days, third day of the month",Noun,,Common noun,Time/Calendar,Core open list,Noun-like word,139,14373,0.00040782,chriskempson Japanese subtitles word_freq_report.txt,subtitle match: Japanese form,三日,n,,,,GitHub elzup/jlpt-word-list n5.csv (based on Tanos/Genki),Subtitle corpus POS tags: n,Daily routine and time anchor
2,Daily Routine + Time,62,547,31,アパート,アパート,apaato,apartment (abbr.),Noun,,Common noun,Home/Objects,Core open list,Noun-like word,1061,3050,0.00311296,chriskempson Japanese subtitles word_freq_report.txt,subtitle match: Japanese form,アパート,n,,,,GitHub elzup/jlpt-word-list n5.csv (based on Tanos/Genki),Subtitle corpus POS tags: n,Daily routine and time anchor
2,Daily Routine + Time,63,178,81,うち,うち,uchi,home; house; my place,Noun,,Common noun,Home/Objects,Core open list,Place/home noun,,,0.0295,wordfreq 3.1.1 Japanese best wordlist,wordfreq fallback: Japanese form,うち,Fallback: no subtitle-corpus match for selected candidates,5.47,,,GitHub elzup/jlpt-word-list n5.csv (based on Tanos/Genki),Manual fallback from word/meaning,Daily routine and time anchor
2,Daily Routine + Time,64,686,86,上着,うわぎ,uwagi,"coat, jacket",Noun,,no-adjective noun,Home/Objects,Core open list,Noun-like word,321,7997,0.00094181,chriskempson Japanese subtitles word_freq_report.txt,subtitle match: Japanese form,上着,"n,adj-no",,,,GitHub elzup/jlpt-word-list n5.csv (based on Tanos/Genki),"Subtitle corpus POS tags: n,adj-no",Daily routine and time anchor
2,Daily Routine + Time,65,720,116,お手洗い,おてあらい,otearai,"toilet, restroom, bathroom (lit., a place to wash one's hands)",Noun,,Common noun,Home/Objects,Core open list,Noun-like word,198,11365,0.00058093,chriskempson Japanese subtitles word_freq_report.txt,subtitle match: Japanese form,お手洗い,n,,,,GitHub elzup/jlpt-word-list n5.csv (based on Tanos/Genki),Subtitle corpus POS tags: n,Daily routine and time anchor
2,Daily Routine + Time,66,536,130,お風呂,おふろ,ofuro,a bath,Noun,,Common noun,Home/Objects,Core open list,Noun-like word,1164,2830,0.00341516,chriskempson Japanese subtitles word_freq_report.txt,subtitle match: Japanese form,お風呂,n,,,,GitHub elzup/jlpt-word-list n5.csv (based on Tanos/Genki),Subtitle corpus POS tags: n,Daily routine and time anchor
2,Daily Routine + Time,67,531,147,階段,かいだん,kaidan,stairs,Noun,,Common noun,Home/Objects,Core open list,Noun-like word,1182,2794,0.00346797,chriskempson Japanese subtitles word_freq_report.txt,subtitle match: Japanese form,階段,n,,,,GitHub elzup/jlpt-word-list n5.csv (based on Tanos/Genki),Subtitle corpus POS tags: n,Daily routine and time anchor
2,Daily Routine + Time,68,354,154,鍵,かぎ,kagi,a lock; a key,Noun,,Common noun,Home/Objects,Core open list,Noun-like word,3353,1155,0.00983765,chriskempson Japanese subtitles word_freq_report.txt,subtitle match: Japanese form,鍵,n,,,,GitHub elzup/jlpt-word-list n5.csv (based on Tanos/Genki),Subtitle corpus POS tags: n,Daily routine and time anchor
2,Daily Routine + Time,69,427,158,掛ける,かける,kakeru,"to put on (e.g., glasses); to hang (e.g., on a wall)",Verb,Ichidan,Main verb,Home/Objects,Core open list,Transitive,2091,1762,0.00613496,chriskempson Japanese subtitles word_freq_report.txt,subtitle match: Japanese form,掛ける,"v1,vt",,,,GitHub elzup/jlpt-word-list n5.csv (based on Tanos/Genki),"Subtitle corpus POS tags: v1,vt",Daily routine and time anchor
2,Daily Routine + Time,70,431,160,傘,かさ,kasa,"umbrella, parasol",Noun,,Common noun,Home/Objects,Core open list,Noun-like word,2073,1780,0.00608215,chriskempson Japanese subtitles word_freq_report.txt,subtitle match: Japanese form,傘,n,,,,GitHub elzup/jlpt-word-list n5.csv (based on Tanos/Genki),Subtitle corpus POS tags: n,Daily routine and time anchor
2,Daily Routine + Time,71,567,171,角,かど,kado,"corner (e.g., desk, pavement)",Noun,,Common noun,Home/Objects,Core open list,Noun-like word,931,3401,0.00273154,chriskempson Japanese subtitles word_freq_report.txt,subtitle match: Japanese form,角,n,,,,GitHub elzup/jlpt-word-list n5.csv (based on Tanos/Genki),Subtitle corpus POS tags: n,Daily routine and time anchor
2,Daily Routine + Time,72,726,172,かばん,かばん,kaban,"bag, basket",Noun,,Common noun,Home/Objects,Core open list,Object noun,,,0.000525,wordfreq 3.1.1 Japanese best wordlist,wordfreq fallback: Japanese form,かばん,Fallback: no subtitle-corpus match for selected candidates,3.72,,,GitHub elzup/jlpt-word-list n5.csv (based on Tanos/Genki),Manual fallback from word/meaning,Daily routine and time anchor
2,Daily Routine + Time,73,409,221,靴,くつ,kutsu,"shoes, footwear",Noun,,Common noun,Home/Objects,Core open list,Noun-like word,2410,1557,0.0070709,chriskempson Japanese subtitles word_freq_report.txt,subtitle match: Japanese form,靴,n,,,,GitHub elzup/jlpt-word-list n5.csv (based on Tanos/Genki),Subtitle corpus POS tags: n,Daily routine and time anchor
2,Daily Routine + Time,74,669,222,靴下,くつした,kutsushita,socks,Noun,,Common noun,Home/Objects,Core open list,Noun-like word,403,6656,0.0011824,chriskempson Japanese subtitles word_freq_report.txt,subtitle match: Japanese form,靴下,n,,,,GitHub elzup/jlpt-word-list n5.csv (based on Tanos/Genki),Subtitle corpus POS tags: n,Daily routine and time anchor
2,Daily Routine + Time,75,557,240,玄関,げんかん,genkan,entrance (to a house or a building),Noun,,no-adjective noun,Home/Objects,Core open list,Noun-like word,994,3210,0.00291638,chriskempson Japanese subtitles word_freq_report.txt,subtitle match: Japanese form,玄関,"n,adj-no",,,,GitHub elzup/jlpt-word-list n5.csv (based on Tanos/Genki),"Subtitle corpus POS tags: n,adj-no",Daily routine and time anchor
2,Daily Routine + Time,76,663,248,交番,こうばん,kouban,police box,Noun,Can form する verb,Suru-verbal noun,Home/Objects,Core open list,Can combine with する,418,6464,0.00122641,chriskempson Japanese subtitles word_freq_report.txt,subtitle match: Japanese form,交番,"n,vs",,,,GitHub elzup/jlpt-word-list n5.csv (based on Tanos/Genki),"Subtitle corpus POS tags: n,vs",Daily routine and time anchor
2,Daily Routine + Time,77,648,250,コート,コート,kooto,"coat; court (e.g., tennis)",Noun,,Common noun,Home/Objects,Core open list,Noun-like word,485,5801,0.00142298,chriskempson Japanese subtitles word_freq_report.txt,subtitle match: Japanese form,コート,n,,,,GitHub elzup/jlpt-word-list n5.csv (based on Tanos/Genki),Subtitle corpus POS tags: n,Daily routine and time anchor
2,Daily Routine + Time,78,718,281,差す,さす,sasu,"to raise (stretch out) hands, to raise (e.g., umbrella)",Verb,Godan (-su ending),Main verb,Home/Objects,Core open list,Intransitive,205,11084,0.00060147,chriskempson Japanese subtitles word_freq_report.txt,subtitle match: Japanese form,差す,"v5s,vi",,,,GitHub elzup/jlpt-word-list n5.csv (based on Tanos/Genki),"Subtitle corpus POS tags: v5s,vi",Daily routine and time anchor
2,Daily Routine + Time,79,459,312,シャツ,シャツ,shatsu,shirt,Noun,,Common noun,Home/Objects,Core open list,Loanword noun,,,0.00525,wordfreq 3.1.1 Japanese best wordlist,wordfreq fallback: Japanese form,シャツ,Fallback: no subtitle-corpus match for selected candidates,4.72,,,GitHub elzup/jlpt-word-list n5.csv (based on Tanos/Genki),Manual fallback from word/meaning,Daily routine and time anchor
2,Daily Routine + Time,80,710,330,スカート,スカート,sukaato,skirt,Noun,,Common noun,Home/Objects,Core open list,Noun-like word,225,10332,0.00066015,chriskempson Japanese subtitles word_freq_report.txt,subtitle match: Japanese form,スカート,n,,,,GitHub elzup/jlpt-word-list n5.csv (based on Tanos/Genki),Subtitle corpus POS tags: n,Daily routine and time anchor
2,Daily Routine + Time,81,559,417,机,つくえ,tsukue,desk,Noun,,Common noun,Home/Objects,Core open list,Noun-like word,980,3249,0.0028753,chriskempson Japanese subtitles word_freq_report.txt,subtitle match: Japanese form,机,n,,,,GitHub elzup/jlpt-word-list n5.csv (based on Tanos/Genki),Subtitle corpus POS tags: n,Daily routine and time anchor
2,Daily Routine + Time,82,601,427,テーブル,テーブル,teeburu,table,Noun,,no-adjective noun,Home/Objects,Core open list,Noun-like word,718,4184,0.0021066,chriskempson Japanese subtitles word_freq_report.txt,subtitle match: Japanese form,テーブル,"n,adj-no",,,,GitHub elzup/jlpt-word-list n5.csv (based on Tanos/Genki),"Subtitle corpus POS tags: n,adj-no",Daily routine and time anchor
2,Daily Routine + Time,83,397,442,戸,と,to,door (Japanese style),Noun,,Common noun,Home/Objects,Core open list,Noun-like word,2471,1523,0.00724987,chriskempson Japanese subtitles word_freq_report.txt,subtitle match: Japanese form,戸,n,,,,GitHub elzup/jlpt-word-list n5.csv (based on Tanos/Genki),Subtitle corpus POS tags: n,Daily routine and time anchor
2,Daily Routine + Time,84,190,444,ドア,ドア,doa,door (Western style),Noun,,Common noun,Home/Objects,Core open list,Noun-like word,9015,472,0.02644986,chriskempson Japanese subtitles word_freq_report.txt,subtitle match: Japanese form,ドア,n,,,,GitHub elzup/jlpt-word-list n5.csv (based on Tanos/Genki),Subtitle corpus POS tags: n,Daily routine and time anchor
2,Daily Routine + Time,85,410,445,トイレ,トイレ,toire,bathroom; toilet,Noun,,Common noun,Home/Objects,Core open list,Noun-like word,2379,1577,0.00697995,chriskempson Japanese subtitles word_freq_report.txt,subtitle match: Japanese form,トイレ,n,,,,GitHub elzup/jlpt-word-list n5.csv (based on Tanos/Genki),Subtitle corpus POS tags: n,Daily routine and time anchor
2,Daily Routine + Time,86,356,465,隣,となり,tonari,"next to, next door to",Noun,,no-adjective noun,Home/Objects,Core open list,Noun-like word,3305,1166,0.00969682,chriskempson Japanese subtitles word_freq_report.txt,subtitle match: Japanese form,隣,"n,adj-no",,,,GitHub elzup/jlpt-word-list n5.csv (based on Tanos/Genki),"Subtitle corpus POS tags: n,adj-no",Daily routine and time anchor
2,Daily Routine + Time,87,488,506,脱ぐ,ぬぐ,nugu,to take off (clothes),Verb,Godan (-gu ending),Main verb,Home/Objects,Core open list,Transitive,1491,2326,0.00437457,chriskempson Japanese subtitles word_freq_report.txt,subtitle match: Japanese form,脱ぐ,"v5g,vt",,,,GitHub elzup/jlpt-word-list n5.csv (based on Tanos/Genki),"Subtitle corpus POS tags: v5g,vt",Daily routine and time anchor
2,Daily Routine + Time,88,327,525,箱,はこ,hako,box,Noun,,Common noun,Home/Objects,Core open list,Noun-like word,3919,1012,0.01149828,chriskempson Japanese subtitles word_freq_report.txt,subtitle match: Japanese form,箱,n,,,,GitHub elzup/jlpt-word-list n5.csv (based on Tanos/Genki),Subtitle corpus POS tags: n,Daily routine and time anchor
2,Daily Routine + Time,89,495,532,バス,バス,basu,bus; bath; bass,Noun,,Common noun,Home/Objects,Core open list,Noun-like word,1460,2366,0.00428362,chriskempson Japanese subtitles word_freq_report.txt,subtitle match: Japanese form,バス,n,,,,GitHub elzup/jlpt-word-list n5.csv (based on Tanos/Genki),Subtitle corpus POS tags: n,Daily routine and time anchor
2,Daily Routine + Time,90,358,581,服,ふく,fuku,clothes,Noun,,Suffix-like noun,Home/Objects,Core open list,Noun-like word,3251,1185,0.00953838,chriskempson Japanese subtitles word_freq_report.txt,subtitle match: Japanese form,服,"n,n-suf",,,,GitHub elzup/jlpt-word-list n5.csv (based on Tanos/Genki),"Subtitle corpus POS tags: n,n-suf",Daily routine and time anchor
2,Daily Routine + Time,91,546,594,ベッド,ベッド,beddo,bed,Noun,,Common noun,Home/Objects,Core open list,Noun-like word,1089,2985,0.00319511,chriskempson Japanese subtitles word_freq_report.txt,subtitle match: Japanese form,ベッド,n,,,,GitHub elzup/jlpt-word-list n5.csv (based on Tanos/Genki),Subtitle corpus POS tags: n,Daily routine and time anchor
2,Daily Routine + Time,92,168,596,部屋,へや,heya,a room,Noun,,Common noun,Home/Objects,Core open list,Noun-like word,10938,393,0.03209191,chriskempson Japanese subtitles word_freq_report.txt,subtitle match: Japanese form,部屋,n,,,,GitHub elzup/jlpt-word-list n5.csv (based on Tanos/Genki),Subtitle corpus POS tags: n,Daily routine and time anchor
2,Daily Routine + Time,93,477,631,窓,まど,mado,window,Noun,,Common noun,Home/Objects,Core open list,Noun-like word,1592,2204,0.0046709,chriskempson Japanese subtitles word_freq_report.txt,subtitle match: Japanese form,窓,n,,,,GitHub elzup/jlpt-word-list n5.csv (based on Tanos/Genki),Subtitle corpus POS tags: n,Daily routine and time anchor
2,Daily Routine + Time,94,266,10,開ける,あける,akeru,to open (v.t.),Verb,Ichidan,Main verb,Core Verbs/Actions,Core open list,Intransitive,5277,758,0.01548263,chriskempson Japanese subtitles word_freq_report.txt,subtitle match: Japanese form,開ける,"v1,vi",,,,GitHub elzup/jlpt-word-list n5.csv (based on Tanos/Genki),"Subtitle corpus POS tags: v1,vi",Daily routine and time anchor
2,Daily Routine + Time,95,448,39,洗う,あらう,arau,to wash,Verb,Godan (-u ending),Main verb,Core Verbs/Actions,Core open list,Transitive,1900,1912,0.00557457,chriskempson Japanese subtitles word_freq_report.txt,subtitle match: Japanese form,洗う,"v5u,vt",,,,GitHub elzup/jlpt-word-list n5.csv (based on Tanos/Genki),"Subtitle corpus POS tags: v5u,vt",Daily routine and time anchor
2,Daily Routine + Time,96,158,73,入れる,いれる,ireru,to put in,Verb,Ichidan,Main verb,Core Verbs/Actions,Core open list,Transitive,12002,362,0.03521367,chriskempson Japanese subtitles word_freq_report.txt,subtitle match: Japanese form,入れる,"v1,vt",,,,GitHub elzup/jlpt-word-list n5.csv (based on Tanos/Genki),"Subtitle corpus POS tags: v1,vt",Daily routine and time anchor
2,Daily Routine + Time,97,781,138,終る,おわる,owaru,"to finish, to close",Verb,Godan (-ru ending),Main verb,Core Verbs/Actions,Core open list,Intransitive,26,36934,7.628e-05,chriskempson Japanese subtitles word_freq_report.txt,subtitle match: Japanese form,終る,"v5r,vi",,,,GitHub elzup/jlpt-word-list n5.csv (based on Tanos/Genki),"Subtitle corpus POS tags: v5r,vi",Daily routine and time anchor
2,Daily Routine + Time,98,749,174,かぶる,かぶる,kaburu,"to wear, to put on (e.g., a hat on the head)",Verb,Godan (-ru ending),Plain verb,Core Verbs/Actions,Core open list,Transitive,,,0.000309,wordfreq 3.1.1 Japanese best wordlist,wordfreq fallback: Japanese form,かぶる,Fallback: no subtitle-corpus match for selected candidates,3.49,,,GitHub elzup/jlpt-word-list n5.csv (based on Tanos/Genki),Manual fallback from word/meaning,Daily routine and time anchor
2,Daily Routine + Time,99,182,210,着る,きる,kiru,to put on (clothes above your waist); to wear,Verb,Ichidan,Main verb,Core Verbs/Actions,Core open list,Transitive,9599,449,0.02816331,chriskempson Japanese subtitles word_freq_report.txt,subtitle match: Japanese form,着る,"v1,vt",,,,GitHub elzup/jlpt-word-list n5.csv (based on Tanos/Genki),"Subtitle corpus POS tags: v1,vt",Daily routine and time anchor
2,Daily Routine + Time,100,483,308,閉める,しめる,shimeru,"to close, to shut",Verb,Ichidan,Main verb,Core Verbs/Actions,Core open list,Transitive,1512,2290,0.00443618,chriskempson Japanese subtitles word_freq_report.txt,subtitle match: Japanese form,閉める,"v1,vt",,,,GitHub elzup/jlpt-word-list n5.csv (based on Tanos/Genki),"Subtitle corpus POS tags: v1,vt",Daily routine and time anchor
3,School + Language + Work Basics,1,170,67,意味,いみ,imi,"meaning, significance",Noun,Can form する verb,Suru-verbal noun,School/Work/Language,Core open list,Can combine with する,10747,402,0.03153152,chriskempson Japanese subtitles word_freq_report.txt,subtitle match: Japanese form,意味,"n,vs",,,,GitHub elzup/jlpt-word-list n5.csv (based on Tanos/Genki),"Subtitle corpus POS tags: n,vs",School/language/work anchor
3,School + Language + Work Basics,2,429,90,英語,えいご,eigo,English (language),Noun,,no-adjective noun,School/Work/Language,Core open list,Noun-like word,2085,1766,0.00611736,chriskempson Japanese subtitles word_freq_report.txt,subtitle match: Japanese form,英語,"n,adj-no",,,,GitHub elzup/jlpt-word-list n5.csv (based on Tanos/Genki),"Subtitle corpus POS tags: n,adj-no",School/language/work anchor
3,School + Language + Work Basics,3,180,132,覚える,おぼえる,oboeru,"to learn, to commit to memory, to remember, to memorize",Verb,Ichidan,Main verb,School/Work/Language,Core open list,Transitive,9857,440,0.02892028,chriskempson Japanese subtitles word_freq_report.txt,subtitle match: Japanese form,覚える,"v1,vt",,,,GitHub elzup/jlpt-word-list n5.csv (based on Tanos/Genki),"Subtitle corpus POS tags: v1,vt",School/language/work anchor
3,School + Language + Work Basics,4,133,146,会社,かいしゃ,kaisha,"company, corporation",Noun,,Common noun,School/Work/Language,Core open list,Noun-like word,14491,290,0.04251636,chriskempson Japanese subtitles word_freq_report.txt,subtitle match: Japanese form,会社,n,,,,GitHub elzup/jlpt-word-list n5.csv (based on Tanos/Genki),Subtitle corpus POS tags: n,School/language/work anchor
3,School + Language + Work Basics,5,139,155,書く,かく,kaku,to write,Verb,Godan (-ku ending),Main verb,School/Work/Language,Core open list,Transitive,14026,303,0.04115206,chriskempson Japanese subtitles word_freq_report.txt,subtitle match: Japanese form,書く,"v5k,vt",,,,GitHub elzup/jlpt-word-list n5.csv (based on Tanos/Genki),"Subtitle corpus POS tags: v5k,vt",School/language/work anchor
3,School + Language + Work Basics,6,780,166,片仮名,かたかな,katakana,katakana,Noun,,Common noun,School/Work/Language,Core open list,Noun-like word,27,36270,7.922e-05,chriskempson Japanese subtitles word_freq_report.txt,subtitle match: reading form,かたかな,n,,,,GitHub elzup/jlpt-word-list n5.csv (based on Tanos/Genki),Subtitle corpus POS tags: n,School/language/work anchor
3,School + Language + Work Basics,7,188,168,学校,がっこう,gakkou,a school,Noun,,Common noun,School/Work/Language,Core open list,Noun-like word,9082,467,0.02664644,chriskempson Japanese subtitles word_freq_report.txt,subtitle match: Japanese form,学校,n,,,,GitHub elzup/jlpt-word-list n5.csv (based on Tanos/Genki),Subtitle corpus POS tags: n,School/language/work anchor
3,School + Language + Work Basics,8,676,188,漢字,かんじ,kanji,kanji; Chinese character,Noun,,Common noun,School/Work/Language,Core open list,Noun-like word,365,7213,0.0010709,chriskempson Japanese subtitles word_freq_report.txt,subtitle match: Japanese form,漢字,n,,,,GitHub elzup/jlpt-word-list n5.csv (based on Tanos/Genki),Subtitle corpus POS tags: n,School/language/work anchor
3,School + Language + Work Basics,9,376,214,銀行,ぎんこう,ginkou,bank,Noun,,no-adjective noun,School/Work/Language,Core open list,Noun-like word,2854,1347,0.00837359,chriskempson Japanese subtitles word_freq_report.txt,subtitle match: Japanese form,銀行,"n,adj-no",,,,GitHub elzup/jlpt-word-list n5.csv (based on Tanos/Genki),"Subtitle corpus POS tags: n,adj-no",School/language/work anchor
3,School + Language + Work Basics,10,407,228,クラス,クラス,kurasu,a class,Noun,,Common noun,School/Work/Language,Core open list,Loanword noun,,,0.00708,wordfreq 3.1.1 Japanese best wordlist,wordfreq fallback: Japanese form,クラス,Fallback: no subtitle-corpus match for selected candidates,4.85,,,GitHub elzup/jlpt-word-list n5.csv (based on Tanos/Genki),Manual fallback from word/meaning,School/language/work anchor
3,School + Language + Work Basics,11,71,244,～語,～ご,~go,"word, language",Suffix,,Suffix / bound word,School/Work/Language,Core open list,Attaches to another word or number,27955,150,0.08201952,chriskempson Japanese subtitles word_freq_report.txt,subtitle match: Japanese form,語,"n,n-suf",,,,GitHub elzup/jlpt-word-list n5.csv (based on Tanos/Genki),"Subtitle corpus POS tags: n,n-suf",School/language/work anchor
3,School + Language + Work Basics,12,240,257,答える,こたえる,kotaeru,"to answer, to reply",Verb,Ichidan,Main verb,School/Work/Language,Core open list,Intransitive,6185,666,0.01814669,chriskempson Japanese subtitles word_freq_report.txt,subtitle match: Japanese form,答える,"v1,vi",,,,GitHub elzup/jlpt-word-list n5.csv (based on Tanos/Genki),"Subtitle corpus POS tags: v1,vi",School/language/work anchor
3,School + Language + Work Basics,13,189,262,言葉,ことば,kotoba,language; word(s); expression(s),Noun,,Common noun,School/Work/Language,Core open list,Noun-like word,9031,471,0.02649681,chriskempson Japanese subtitles word_freq_report.txt,subtitle match: Japanese form,言葉,n,,,,GitHub elzup/jlpt-word-list n5.csv (based on Tanos/Genki),Subtitle corpus POS tags: n,School/language/work anchor
3,School + Language + Work Basics,14,58,296,仕事,しごと,shigoto,"work, job, occupation, employment",Noun,Can form する verb,no-adjective noun / Suru-verbal noun,School/Work/Language,Core open list,Can combine with する,33144,123,0.09724396,chriskempson Japanese subtitles word_freq_report.txt,subtitle match: Japanese form,仕事,"n,vs,adj-no",,,,GitHub elzup/jlpt-word-list n5.csv (based on Tanos/Genki),"Subtitle corpus POS tags: n,vs,adj-no",School/language/work anchor
3,School + Language + Work Basics,15,737,297,辞書,じしょ,jisho,dictionary,Noun,,Common noun,School/Work/Language,Core open list,Noun-like word,144,14047,0.00042249,chriskempson Japanese subtitles word_freq_report.txt,subtitle match: Japanese form,辞書,n,,,,GitHub elzup/jlpt-word-list n5.csv (based on Tanos/Genki),Subtitle corpus POS tags: n,School/language/work anchor
3,School + Language + Work Basics,16,377,301,質問,しつもん,shitsumon,"question, inquiry",Noun,Can form する verb,no-adjective noun / Suru-verbal noun,School/Work/Language,Core open list,Can combine with する,2835,1353,0.00831784,chriskempson Japanese subtitles word_freq_report.txt,subtitle match: Japanese form,質問,"n,vs,adj-no",,,,GitHub elzup/jlpt-word-list n5.csv (based on Tanos/Genki),"Subtitle corpus POS tags: n,vs,adj-no",School/language/work anchor
3,School + Language + Work Basics,17,801,305,字引,じびき,jibiki,dictionary,Noun,,Common noun,School/Work/Language,Core open list,Object noun,,,1.74e-06,wordfreq 3.1.1 Japanese best wordlist,wordfreq fallback: Japanese form,字引,Fallback: no subtitle-corpus match for selected candidates,1.24,,,GitHub elzup/jlpt-word-list n5.csv (based on Tanos/Genki),Manual fallback from word/meaning,School/language/work anchor
3,School + Language + Work Basics,18,464,317,授業,じゅぎょう,jugyou,a class (of school),Noun,Can form する verb,Suru-verbal noun,School/Work/Language,Core open list,Can combine with する,1717,2084,0.00503765,chriskempson Japanese subtitles word_freq_report.txt,subtitle match: Japanese form,授業,"n,vs",,,,GitHub elzup/jlpt-word-list n5.csv (based on Tanos/Genki),"Subtitle corpus POS tags: n,vs",School/language/work anchor
3,School + Language + Work Basics,19,732,366,そば,そば,soba,"near, close, beside; Japanese traditional buckwheat noodle",Noun,,Common noun,School/Work/Language,Core open list,Noun-like word,167,12753,0.00048998,chriskempson Japanese subtitles word_freq_report.txt,subtitle match: Japanese form,そば,n,,,,GitHub elzup/jlpt-word-list n5.csv (based on Tanos/Genki),Subtitle corpus POS tags: n,School/language/work anchor
3,School + Language + Work Basics,20,539,420,勤める,つとめる,tsutomeru,to work (for),Verb,Ichidan,Main verb,School/Work/Language,Core open list,Transitive,1137,2872,0.00333594,chriskempson Japanese subtitles word_freq_report.txt,subtitle match: Japanese form,勤める,"v1,vt",,,,GitHub elzup/jlpt-word-list n5.csv (based on Tanos/Genki),"Subtitle corpus POS tags: v1,vt",School/language/work anchor
3,School + Language + Work Basics,21,171,473,取る,とる,toru,to take (a class); to get (a grade),Verb,Godan (-ru ending),Main verb,School/Work/Language,Core open list,Transitive,10695,404,0.03137896,chriskempson Japanese subtitles word_freq_report.txt,subtitle match: Japanese form,取る,"v5r,vt",,,,GitHub elzup/jlpt-word-list n5.csv (based on Tanos/Genki),"Subtitle corpus POS tags: v5r,vt",School/language/work anchor
3,School + Language + Work Basics,22,611,491,習う,ならう,narau,to learn,Verb,Godan (-u ending),Main verb,School/Work/Language,Core open list,Transitive,662,4470,0.0019423,chriskempson Japanese subtitles word_freq_report.txt,subtitle match: Japanese form,習う,"v5u,vt",,,,GitHub elzup/jlpt-word-list n5.csv (based on Tanos/Genki),"Subtitle corpus POS tags: v5u,vt",School/language/work anchor
3,School + Language + Work Basics,23,177,535,働く,はたらく,hataraku,to work,Verb,Godan (-ku ending),Main verb,School/Work/Language,Core open list,Intransitive,10129,433,0.02971832,chriskempson Japanese subtitles word_freq_report.txt,subtitle match: Japanese form,働く,"v5k,vi",,,,GitHub elzup/jlpt-word-list n5.csv (based on Tanos/Genki),"Subtitle corpus POS tags: v5k,vi",School/language/work anchor
3,School + Language + Work Basics,24,744,572,平仮名,ひらがな,hiragana,hiragana,Noun,,Common noun,School/Work/Language,Core open list,Noun-like word,120,15825,0.00035208,chriskempson Japanese subtitles word_freq_report.txt,subtitle match: reading form,ひらがな,n,,,,GitHub elzup/jlpt-word-list n5.csv (based on Tanos/Genki),Subtitle corpus POS tags: n,School/language/work anchor
3,School + Language + Work Basics,25,289,599,勉強,べんきょう (する),benkyou (suru),study,Noun,Can form する verb,Suru-verbal noun,School/Work/Language,Core open list,Can combine with する,4720,844,0.0138484,chriskempson Japanese subtitles word_freq_report.txt,subtitle match: Japanese form,勉強,"n,vs",,,,GitHub elzup/jlpt-word-list n5.csv (based on Tanos/Genki),"Subtitle corpus POS tags: n,vs",School/language/work anchor
3,School + Language + Work Basics,26,747,612,本棚,ほんだな,hondana,bookshelf,Noun,,Common noun,School/Work/Language,Core open list,Noun-like word,118,15990,0.00034621,chriskempson Japanese subtitles word_freq_report.txt,subtitle match: Japanese form,本棚,n,,,,GitHub elzup/jlpt-word-list n5.csv (based on Tanos/Genki),Subtitle corpus POS tags: n,School/language/work anchor
3,School + Language + Work Basics,27,123,613,本当,ほんとう,hontou,"real, true",Adjective,,na-adjective,School/Work/Language,Core open list,Can take な before nouns / also noun-like,15547,262,0.04561465,chriskempson Japanese subtitles word_freq_report.txt,subtitle match: Japanese form,本当,"adj-na,n",,,,GitHub elzup/jlpt-word-list n5.csv (based on Tanos/Genki),"Subtitle corpus POS tags: adj-na,n",School/language/work anchor
3,School + Language + Work Basics,28,162,665,問題,もんだい,mondai,a problem,Noun,,Common noun,School/Work/Language,Core open list,Noun-like word,11296,384,0.03314228,chriskempson Japanese subtitles word_freq_report.txt,subtitle match: Japanese form,問題,n,,,,GitHub elzup/jlpt-word-list n5.csv (based on Tanos/Genki),Subtitle corpus POS tags: n,School/language/work anchor
3,School + Language + Work Basics,29,760,678,郵便局,ゆうびんきょく,yuubinkyoku,post office,Noun,,Common noun,School/Work/Language,Core open list,Noun-like word,71,21737,0.00020831,chriskempson Japanese subtitles word_freq_report.txt,subtitle match: Japanese form,郵便局,n,,,,GitHub elzup/jlpt-word-list n5.csv (based on Tanos/Genki),Subtitle corpus POS tags: n,School/language/work anchor
3,School + Language + Work Basics,30,218,690,読む,よむ,yomu,to read,Verb,Godan (-mu ending),Main verb,School/Work/Language,Core open list,Transitive,7710,560,0.02262102,chriskempson Japanese subtitles word_freq_report.txt,subtitle match: Japanese form,読む,"v5m,vt",,,,GitHub elzup/jlpt-word-list n5.csv (based on Tanos/Genki),"Subtitle corpus POS tags: v5m,vt",School/language/work anchor
3,School + Language + Work Basics,31,347,707,練習,れんしゅう (する),renshuu (suru),(to) practice,Noun,Can form する verb,Suru-verbal noun,School/Work/Language,Core open list,Can combine with する,3510,1112,0.01029828,chriskempson Japanese subtitles word_freq_report.txt,subtitle match: Japanese form,練習,"n,vs",,,,GitHub elzup/jlpt-word-list n5.csv (based on Tanos/Genki),"Subtitle corpus POS tags: n,vs",School/language/work anchor
3,School + Language + Work Basics,32,789,736,問題用紙,もんだいようし,mondaiyoushi,question sheet,Noun,,Common noun,School/Work/Language,Supplemental N5 buffer,Noun-like word,7,61213,2.054e-05,chriskempson Japanese subtitles word_freq_report.txt,subtitle match: Japanese form,問題用紙,n,,,,MLC 802-word list / common N5 buffer,Subtitle corpus POS tags: n,School/language/work anchor
3,School + Language + Work Basics,33,384,737,問題例,もんだいれい,mondairei,sample question,Noun,,Compound noun,School/Work/Language,Supplemental N5 buffer,Study/test term,,,0.0079,wordfreq 3.1.1 Japanese best wordlist,wordfreq fallback: Japanese form,問題例,Fallback: no subtitle-corpus match for selected candidates,4.9,,,MLC 802-word list / common N5 buffer,Manual fallback from word/meaning,School/language/work anchor
3,School + Language + Work Basics,34,673,744,例,れい,rei,example,Noun,,no-adjective noun / Prefix-like noun,School/Work/Language,Supplemental N5 buffer,Noun-like word,372,7103,0.00109144,chriskempson Japanese subtitles word_freq_report.txt,subtitle match: Japanese form,例,"n,n-pref,adj-no",,,,MLC 802-word list / common N5 buffer,"Subtitle corpus POS tags: n,n-pref,adj-no",School/language/work anchor
3,School + Language + Work Basics,35,416,745,練習する,れんしゅうする,renshuusuru,to practice,Verb,Suru verb,Verbal noun + する,School/Work/Language,Supplemental N5 buffer,,,,0.00653,wordfreq 3.1.1 Japanese best wordlist,wordfreq fallback: Japanese form,練習する,Fallback: no subtitle-corpus match for selected candidates,4.81,,,MLC 802-word list / common N5 buffer,Manual fallback from word/meaning,School/language/work anchor
3,School + Language + Work Basics,36,782,783,カタカナ,カタカナ,katakana,katakana,Noun,,Common noun,School/Work/Language,Supplemental N5 buffer,Noun-like word,16,45669,4.694e-05,chriskempson Japanese subtitles word_freq_report.txt,subtitle match: Japanese form,カタカナ,n,,,,MLC 802-word list / common N5 buffer,Subtitle corpus POS tags: n,School/language/work anchor
3,School + Language + Work Basics,37,344,792,勉強する,べんきょうする,benkyousuru,to study,Verb,Suru verb,Verbal noun + する,School/Work/Language,Supplemental N5 buffer,,,,0.0105,wordfreq 3.1.1 Japanese best wordlist,wordfreq fallback: Japanese form,勉強する,Fallback: no subtitle-corpus match for selected candidates,5.02,,,MLC 802-word list / common N5 buffer,Manual fallback from word/meaning,School/language/work anchor
3,School + Language + Work Basics,38,290,794,質問する,しつもんする,shitsumonsuru,to ask a question,Verb,Suru verb,Verbal noun + する,School/Work/Language,Supplemental N5 buffer,,,,0.0138,wordfreq 3.1.1 Japanese best wordlist,wordfreq fallback: Japanese form,質問する,Fallback: no subtitle-corpus match for selected candidates,5.14,,,MLC 802-word list / common N5 buffer,Manual fallback from word/meaning,School/language/work anchor
3,School + Language + Work Basics,39,712,798,会社員,かいしゃいん,kaishain,company employee,Noun,,Common noun,School/Work/Language,Supplemental N5 buffer,Noun-like word,215,10685,0.00063081,chriskempson Japanese subtitles word_freq_report.txt,subtitle match: Japanese form,会社員,n,,,,MLC 802-word list / common N5 buffer,Subtitle corpus POS tags: n,School/language/work anchor
3,School + Language + Work Basics,40,680,800,銀行員,ぎんこういん,ginkouin,bank employee,Noun,,Common noun,School/Work/Language,Supplemental N5 buffer,Noun-like word,335,7725,0.00098288,chriskempson Japanese subtitles word_freq_report.txt,subtitle match: Japanese form,銀行員,n,,,,MLC 802-word list / common N5 buffer,Subtitle corpus POS tags: n,School/language/work anchor
3,School + Language + Work Basics,41,87,47,家,いえ,ie,"house, home",Noun,,Common noun,Home/Objects,Core open list,Place/home noun,24323,174,0.07136329,chriskempson Japanese subtitles word_freq_report.txt,subtitle match: Japanese form,家,suf,,,,GitHub elzup/jlpt-word-list n5.csv (based on Tanos/Genki),Manual learner override from vocabulary meaning,School/language/work anchor
3,School + Language + Work Basics,42,733,95,鉛筆,えんぴつ,empitsu,pencil,Noun,,Common noun,Home/Objects,Core open list,Noun-like word,158,13197,0.00046357,chriskempson Japanese subtitles word_freq_report.txt,subtitle match: Japanese form,鉛筆,n,,,,GitHub elzup/jlpt-word-list n5.csv (based on Tanos/Genki),Subtitle corpus POS tags: n,School/language/work anchor
3,School + Language + Work Basics,43,523,175,紙,かみ,kami,paper,Noun,,Common noun,Home/Objects,Core open list,Noun-like word,1256,2659,0.00368508,chriskempson Japanese subtitles word_freq_report.txt,subtitle match: Japanese form,紙,n,,,,GitHub elzup/jlpt-word-list n5.csv (based on Tanos/Genki),Subtitle corpus POS tags: n,School/language/work anchor
3,School + Language + Work Basics,44,400,176,カメラ,カメラ,kamera,camera,Noun,,Common noun,Home/Objects,Core open list,Noun-like word,2461,1526,0.00722053,chriskempson Japanese subtitles word_freq_report.txt,subtitle match: Japanese form,カメラ,n,,,,GitHub elzup/jlpt-word-list n5.csv (based on Tanos/Genki),Subtitle corpus POS tags: n,School/language/work anchor
3,School + Language + Work Basics,45,497,327,新聞,しんぶん,shimbun,newspaper,Noun,,no-adjective noun,Home/Objects,Core open list,Noun-like word,1456,2372,0.00427188,chriskempson Japanese subtitles word_freq_report.txt,subtitle match: Japanese form,新聞,"n,adj-no",,,,GitHub elzup/jlpt-word-list n5.csv (based on Tanos/Genki),"Subtitle corpus POS tags: n,adj-no",School/language/work anchor
3,School + Language + Work Basics,46,350,429,手紙,てがみ,tegami,letter,Noun,,no-adjective noun,Home/Objects,Core open list,Noun-like word,3460,1126,0.01015158,chriskempson Japanese subtitles word_freq_report.txt,subtitle match: Japanese form,手紙,"n,adj-no",,,,GitHub elzup/jlpt-word-list n5.csv (based on Tanos/Genki),"Subtitle corpus POS tags: n,adj-no",School/language/work anchor
3,School + Language + Work Basics,47,390,437,テレビ,テレビ,terebi,"television, TV",Noun,,Common noun,Home/Objects,Core open list,Noun-like word,2636,1442,0.00773398,chriskempson Japanese subtitles word_freq_report.txt,subtitle match: Japanese form,テレビ,n,,,,GitHub elzup/jlpt-word-list n5.csv (based on Tanos/Genki),Subtitle corpus POS tags: n,School/language/work anchor
3,School + Language + Work Basics,48,556,512,ノート,ノート,nooto,notebook,Noun,Can form する verb,Suru-verbal noun,Home/Objects,Core open list,Can combine with する,1011,3172,0.00296626,chriskempson Japanese subtitles word_freq_report.txt,subtitle match: Japanese form,ノート,"n,vs",,,,GitHub elzup/jlpt-word-list n5.csv (based on Tanos/Genki),"Subtitle corpus POS tags: n,vs",School/language/work anchor
3,School + Language + Work Basics,49,89,610,本,ほん,hon,book,Noun,,Common noun,Home/Objects,Core open list,Noun-like word,23539,179,0.06906304,chriskempson Japanese subtitles word_freq_report.txt,subtitle match: Japanese form,本,n,,,,GitHub elzup/jlpt-word-list n5.csv (based on Tanos/Genki),Subtitle corpus POS tags: n,School/language/work anchor
3,School + Language + Work Basics,50,626,696,ラジオ,ラジオ,rajio,radio,Noun,,Common noun,Home/Objects,Core open list,Noun-like word,583,4978,0.00171051,chriskempson Japanese subtitles word_freq_report.txt,subtitle match: Japanese form,ラジオ,n,,,,GitHub elzup/jlpt-word-list n5.csv (based on Tanos/Genki),Subtitle corpus POS tags: n,School/language/work anchor
3,School + Language + Work Basics,51,802,697,ラジオカセ,ラジオカセ,rajiokase,radio cassette player,Noun,,Common noun,Home/Objects,Core open list,Loanword noun,,,0,No match found in subtitle corpus or wordfreq,unmatched,ラジオカセ,Unmatched,0,,,GitHub elzup/jlpt-word-list n5.csv (based on Tanos/Genki),Manual fallback from word/meaning,School/language/work anchor
3,School + Language + Work Basics,52,273,53,医者,いしゃ,isha,doctor; physician,Noun,,Common noun,People/Family,Core open list,Noun-like word,5046,792,0.01480488,chriskempson Japanese subtitles word_freq_report.txt,subtitle match: Japanese form,医者,n,,,,GitHub elzup/jlpt-word-list n5.csv (based on Tanos/Genki),Subtitle corpus POS tags: n,School/language/work anchor
3,School + Language + Work Basics,53,544,54,椅子,いす,isu,chair,Noun,,Common noun,People/Family,Core open list,Noun-like word,1103,2947,0.00323618,chriskempson Japanese subtitles word_freq_report.txt,subtitle match: Japanese form,椅子,n,,,,GitHub elzup/jlpt-word-list n5.csv (based on Tanos/Genki),Subtitle corpus POS tags: n,School/language/work anchor
3,School + Language + Work Basics,54,261,55,忙しい,いそがしい,isogashii,"busy (people, days)",Adjective,,i-adjective,People/Family,Core open list,Conjugates directly; dictionary form ends in い,5342,747,0.01567334,chriskempson Japanese subtitles word_freq_report.txt,subtitle match: Japanese form,忙しい,adj-i,,,,GitHub elzup/jlpt-word-list n5.csv (based on Tanos/Genki),Subtitle corpus POS tags: adj-i,School/language/work anchor
3,School + Language + Work Basics,55,513,101,大勢,おおぜい,oozei,great number of people,Noun,,Common noun,People/Family,Core open list,Noun-like word,1335,2543,0.00391687,chriskempson Japanese subtitles word_freq_report.txt,subtitle match: Japanese form,大勢,n,,,,GitHub elzup/jlpt-word-list n5.csv (based on Tanos/Genki),Subtitle corpus POS tags: n,School/language/work anchor
3,School + Language + Work Basics,56,554,103,お菓子,おかし,okashi,"confections, sweets, snack",Noun,,Common noun,People/Family,Core open list,Noun-like word,1017,3152,0.00298386,chriskempson Japanese subtitles word_freq_report.txt,subtitle match: Japanese form,お菓子,n,,,,GitHub elzup/jlpt-word-list n5.csv (based on Tanos/Genki),Subtitle corpus POS tags: n,School/language/work anchor
3,School + Language + Work Basics,57,219,107,奥さん,おくさん,okusan,(someone else's) wife (hon.),Noun,,Common noun,People/Family,Core open list,Noun-like word,7619,562,0.02235402,chriskempson Japanese subtitles word_freq_report.txt,subtitle match: Japanese form,奥さん,n,,,,GitHub elzup/jlpt-word-list n5.csv (based on Tanos/Genki),Subtitle corpus POS tags: n,School/language/work anchor
3,School + Language + Work Basics,58,489,110,おじさん,おじさん,ojisan,"uncle, middle-aged man",Noun,,Common noun,People/Family,Core open list,Noun-like word,1489,2329,0.0043687,chriskempson Japanese subtitles word_freq_report.txt,subtitle match: Japanese form,おじさん,n,,,,GitHub elzup/jlpt-word-list n5.csv (based on Tanos/Genki),Subtitle corpus POS tags: n,School/language/work anchor
3,School + Language + Work Basics,59,746,111,おじいさん,おじいさん,ojiisan,"grandfather, male senior citizen",Noun,,People noun,People/Family,Core open list,Family/person term,,,0.000347,wordfreq 3.1.1 Japanese best wordlist,wordfreq fallback: Japanese form,おじいさん,Fallback: no subtitle-corpus match for selected candidates,3.54,,,GitHub elzup/jlpt-word-list n5.csv (based on Tanos/Genki),Manual fallback from word/meaning,School/language/work anchor
3,School + Language + Work Basics,60,303,123,大人,おとな,otona,adult,Noun,,Common noun,People/Family,Core open list,Noun-like word,4478,894,0.01313838,chriskempson Japanese subtitles word_freq_report.txt,subtitle match: Japanese form,大人,n,,,,GitHub elzup/jlpt-word-list n5.csv (based on Tanos/Genki),Subtitle corpus POS tags: n,School/language/work anchor
3,School + Language + Work Basics,61,468,126,お兄さん,おにいさん,oniisan,(someone else's) older brother (formal),Noun,,Common noun,People/Family,Core open list,Noun-like word,1678,2114,0.00492322,chriskempson Japanese subtitles word_freq_report.txt,subtitle match: Japanese form,お兄さん,n,,,,GitHub elzup/jlpt-word-list n5.csv (based on Tanos/Genki),Subtitle corpus POS tags: n,School/language/work anchor
3,School + Language + Work Basics,62,446,127,お姉さん,おねえさん,oneesan,older sister (formal),Noun,,Common noun,People/Family,Core open list,Noun-like word,1924,1893,0.00564498,chriskempson Japanese subtitles word_freq_report.txt,subtitle match: Japanese form,お姉さん,n,,,,GitHub elzup/jlpt-word-list n5.csv (based on Tanos/Genki),Subtitle corpus POS tags: n,School/language/work anchor
3,School + Language + Work Basics,63,424,128,おばさん,おばさん,obasan,aunt,Noun,,Common noun,People/Family,Core open list,Noun-like word,2130,1729,0.00624939,chriskempson Japanese subtitles word_freq_report.txt,subtitle match: Japanese form,おばさん,n,,,,GitHub elzup/jlpt-word-list n5.csv (based on Tanos/Genki),Subtitle corpus POS tags: n,School/language/work anchor
3,School + Language + Work Basics,64,755,129,おばあさん,おばあさん,obaasan,"grandmother, female senior-citizen",Noun,,People noun,People/Family,Core open list,Family/person term,,,0.000269,wordfreq 3.1.1 Japanese best wordlist,wordfreq fallback: Japanese form,おばあさん,Fallback: no subtitle-corpus match for selected candidates,3.43,,,GitHub elzup/jlpt-word-list n5.csv (based on Tanos/Genki),Manual fallback from word/meaning,School/language/work anchor
3,School + Language + Work Basics,65,765,133,おまわりさん,おまわりさん,omawarisan,policeman (friendly term),Noun,,People noun,People/Family,Core open list,Occupation/person term,,,0.000166,wordfreq 3.1.1 Japanese best wordlist,wordfreq fallback: Japanese form,おまわりさん,Fallback: no subtitle-corpus match for selected candidates,3.22,,,GitHub elzup/jlpt-word-list n5.csv (based on Tanos/Genki),Manual fallback from word/meaning,School/language/work anchor
3,School + Language + Work Basics,66,624,145,外国人,がいこくじん,gaikokujin,foreigner,Noun,,Common noun,People/Family,Core open list,Noun-like word,590,4916,0.00173105,chriskempson Japanese subtitles word_freq_report.txt,subtitle match: Japanese form,外国人,n,,,,GitHub elzup/jlpt-word-list n5.csv (based on Tanos/Genki),Subtitle corpus POS tags: n,School/language/work anchor
3,School + Language + Work Basics,67,492,170,家庭,かてい,katei,home; family,Noun,,no-adjective noun,People/Family,Core open list,Noun-like word,1478,2340,0.00433643,chriskempson Japanese subtitles word_freq_report.txt,subtitle match: Japanese form,家庭,"n,adj-no",,,,GitHub elzup/jlpt-word-list n5.csv (based on Tanos/Genki),"Subtitle corpus POS tags: n,adj-no",School/language/work anchor
3,School + Language + Work Basics,68,490,206,兄弟,きょうだい,kyoudai,"siblings (humble), brothers and sisters",Noun,,Common noun,People/Family,Core open list,Noun-like word,1485,2331,0.00435697,chriskempson Japanese subtitles word_freq_report.txt,subtitle match: Japanese form,兄弟,n,,,,GitHub elzup/jlpt-word-list n5.csv (based on Tanos/Genki),Subtitle corpus POS tags: n,School/language/work anchor
3,School + Language + Work Basics,69,134,258,こちら,こちら,kochira,this person (polite); this way (polite),Pronoun,,Polite demonstrative pronoun,People/Family,Core open list,This way / this person / here,14417,293,0.04229924,chriskempson Japanese subtitles word_freq_report.txt,subtitle match: Japanese form,こちら,n,,,,GitHub elzup/jlpt-word-list n5.csv (based on Tanos/Genki),Manual learner override for N5 demonstrative/location word,School/language/work anchor
3,School + Language + Work Basics,70,111,259,こっち,こっち,kocchi,this person; this direction; this side,Noun,,Common noun,People/Family,Core open list,Noun-like word,19037,222,0.05585425,chriskempson Japanese subtitles word_freq_report.txt,subtitle match: Japanese form,こっち,n,,,,GitHub elzup/jlpt-word-list n5.csv (based on Tanos/Genki),Subtitle corpus POS tags: n,School/language/work anchor
3,School + Language + Work Basics,71,212,346,生徒,せいと,seito,student; pupil,Noun,,no-adjective noun,People/Family,Core open list,Noun-like word,7927,541,0.02325769,chriskempson Japanese subtitles word_freq_report.txt,subtitle match: Japanese form,生徒,"n,adj-no",,,,GitHub elzup/jlpt-word-list n5.csv (based on Tanos/Genki),"Subtitle corpus POS tags: n,adj-no",School/language/work anchor
3,School + Language + Work Basics,72,451,422,冷たい,つめたい,tsumetai,"cold (things, people)",Adjective,,i-adjective,People/Family,Core open list,Conjugates directly; dictionary form ends in い,1855,1953,0.00544254,chriskempson Japanese subtitles word_freq_report.txt,subtitle match: Japanese form,冷たい,adj-i,,,,GitHub elzup/jlpt-word-list n5.csv (based on Tanos/Genki),Subtitle corpus POS tags: adj-i,School/language/work anchor
3,School + Language + Work Basics,73,577,601,帽子,ぼうし,boushi,hat; cap,Noun,,Common noun,People/Family,Core open list,Noun-like word,873,3594,0.00256137,chriskempson Japanese subtitles word_freq_report.txt,subtitle match: Japanese form,帽子,n,,,,GitHub elzup/jlpt-word-list n5.csv (based on Tanos/Genki),Subtitle corpus POS tags: n,School/language/work anchor
3,School + Language + Work Basics,74,754,699,留学生,りゅうがくせい,ryuugakusei,international student,Noun,,Common noun,People/Family,Core open list,Noun-like word,95,18251,0.00027873,chriskempson Japanese subtitles word_freq_report.txt,subtitle match: Japanese form,留学生,n,,,,GitHub elzup/jlpt-word-list n5.csv (based on Tanos/Genki),Subtitle corpus POS tags: n,School/language/work anchor
3,School + Language + Work Basics,75,34,725,～先生,～せんせい,~sensei,Teacher ...; suffix after teacher name,Suffix,,Suffix / bound word,People/Family,Supplemental N5 buffer,Attaches to another word or number,61878,71,0.18154905,chriskempson Japanese subtitles word_freq_report.txt,subtitle match: Japanese form,先生,n,,,,MLC 802-word list / common N5 buffer,Subtitle corpus POS tags: n,School/language/work anchor
3,School + Language + Work Basics,76,602,782,妹さん,いもうとさん,imoutosan,someone else's younger sister,Noun,,Common noun,People/Family,Supplemental N5 buffer,Noun-like word,705,4252,0.00206846,chriskempson Japanese subtitles word_freq_report.txt,subtitle match: Japanese form,妹さん,n,,,,MLC 802-word list / common N5 buffer,Subtitle corpus POS tags: n,School/language/work anchor
3,School + Language + Work Basics,77,628,788,お医者さん,おいしゃさん,oishasan,doctor; physician (polite),Noun,,Common noun,People/Family,Supplemental N5 buffer,Noun-like word,581,4994,0.00170464,chriskempson Japanese subtitles word_freq_report.txt,subtitle match: Japanese form,お医者さん,n,,,,MLC 802-word list / common N5 buffer,Subtitle corpus POS tags: n,School/language/work anchor
3,School + Language + Work Basics,78,135,112,教える,おしえる,oshieru,"to teach, to inform, to instruct",Verb,Ichidan,Main verb,Core Verbs/Actions,Core open list,Transitive,14301,297,0.0419589,chriskempson Japanese subtitles word_freq_report.txt,subtitle match: Japanese form,教える,"v1,vt",,,,GitHub elzup/jlpt-word-list n5.csv (based on Tanos/Genki),"Subtitle corpus POS tags: v1,vt",School/language/work anchor
3,School + Language + Work Basics,79,117,389,頼む,たのむ,tanomu,"to request, to ask (a favor)",Verb,Godan (-mu ending),Main verb,Core Verbs/Actions,Core open list,,17648,238,0.05177895,chriskempson Japanese subtitles word_freq_report.txt,subtitle match: Japanese form,頼む,v5m,,,,GitHub elzup/jlpt-word-list n5.csv (based on Tanos/Genki),Subtitle corpus POS tags: v5m,School/language/work anchor
3,School + Language + Work Basics,80,160,59,一番,いちばん,ichiban,"best (most), first, number one",Noun,,Adverbial noun,Numbers/Counters,Core open list,Noun-like word,11960,364,0.03509045,chriskempson Japanese subtitles word_freq_report.txt,subtitle match: Japanese form,一番,n-adv,,,,GitHub elzup/jlpt-word-list n5.csv (based on Tanos/Genki),Subtitle corpus POS tags: n-adv,School/language/work anchor
3,School + Language + Work Basics,81,250,62,一緒,いっしょ,issho,together,Noun,,Adverbial noun / no-adjective noun,Numbers/Counters,Core open list,Noun-like word,5725,710,0.01679706,chriskempson Japanese subtitles word_freq_report.txt,subtitle match: Japanese form,一緒,"n-adv,n,adj-no",,,,GitHub elzup/jlpt-word-list n5.csv (based on Tanos/Genki),"Subtitle corpus POS tags: n-adv,n,adj-no",School/language/work anchor
3,School + Language + Work Basics,82,767,63,五つ,いつつ,itsutsu,five things,Noun,,Numeral,Numbers/Counters,Core open list,Number/quantity word,53,25719,0.0001555,chriskempson Japanese subtitles word_freq_report.txt,subtitle match: Japanese form,五つ,num,,,,GitHub elzup/jlpt-word-list n5.csv (based on Tanos/Genki),Subtitle corpus POS tags: num,School/language/work anchor
3,School + Language + Work Basics,83,647,282,～冊,～さつ,~satsu,counter for books,Counter,,Counter / counting suffix,Numbers/Counters,Core open list,Counter or measure word,489,5760,0.00143472,chriskempson Japanese subtitles word_freq_report.txt,subtitle match: Japanese form,冊,ctr,,,,GitHub elzup/jlpt-word-list n5.csv (based on Tanos/Genki),Subtitle corpus POS tags: ctr,School/language/work anchor
3,School + Language + Work Basics,84,419,670,安い,やすい,yasui,inexpensive; cheap (things),Adjective,,i-adjective,Numbers/Counters,Core open list,Conjugates directly; dictionary form ends in い,2206,1676,0.00647237,chriskempson Japanese subtitles word_freq_report.txt,subtitle match: Japanese form,安い,adj-i,,,,GitHub elzup/jlpt-word-list n5.csv (based on Tanos/Genki),Subtitle corpus POS tags: adj-i,School/language/work anchor
3,School + Language + Work Basics,85,364,26,あっち,あっち,acchi,over there,Pronoun,,Pronoun,Misc/Bridge,Core open list,Pronoun / can modify nouns with の,3146,1226,0.00923031,chriskempson Japanese subtitles word_freq_report.txt,subtitle match: Japanese form,あっち,"pn,adj-no",,,,GitHub elzup/jlpt-word-list n5.csv (based on Tanos/Genki),"Subtitle corpus POS tags: pn,adj-no",School/language/work anchor
3,School + Language + Work Basics,86,338,48,いかが,いかが,ikaga,"how, in what way",Adverb,,Adverb,Misc/Bridge,Core open list,Modifies verbs/adjectives/sentences,3650,1085,0.01070904,chriskempson Japanese subtitles word_freq_report.txt,subtitle match: Japanese form,いかが,adv,,,,GitHub elzup/jlpt-word-list n5.csv (based on Tanos/Genki),Subtitle corpus POS tags: adv,School/language/work anchor
3,School + Language + Work Basics,87,373,52,池,いけ,ike,pond,Noun,,Common noun,Misc/Bridge,Core open list,Noun-like word,2898,1319,0.00850269,chriskempson Japanese subtitles word_freq_report.txt,subtitle match: Japanese form,池,n,,,,GitHub elzup/jlpt-word-list n5.csv (based on Tanos/Genki),Subtitle corpus POS tags: n,School/language/work anchor
3,School + Language + Work Basics,88,237,60,いつ,いつ,itsu,when,Pronoun,,Pronoun,Misc/Bridge,Core open list,Pronoun,6424,647,0.01884791,chriskempson Japanese subtitles word_freq_report.txt,subtitle match: Japanese form,いつ,"n-adv,pn",,,,GitHub elzup/jlpt-word-list n5.csv (based on Tanos/Genki),"Subtitle corpus POS tags: n-adv,pn",School/language/work anchor
3,School + Language + Work Basics,89,21,69,嫌,いや,iya,"disagreeable, detestable, unpleasant",Adjective,,na-adjective,Misc/Bridge,Core open list,Can take な before nouns / also noun-like,84734,46,0.24860818,chriskempson Japanese subtitles word_freq_report.txt,subtitle match: Japanese form,嫌,"adj-na,n",,,,GitHub elzup/jlpt-word-list n5.csv (based on Tanos/Genki),"Subtitle corpus POS tags: adj-na,n",School/language/work anchor
3,School + Language + Work Basics,90,479,205,教室,きょうしつ,kyoushitsu,classroom,Noun,,Common noun,Misc/Bridge,Core open list,Noun-like word,1546,2260,0.00453594,chriskempson Japanese subtitles word_freq_report.txt,subtitle match: Japanese form,教室,n,,,,GitHub elzup/jlpt-word-list n5.csv (based on Tanos/Genki),Subtitle corpus POS tags: n,School/language/work anchor
3,School + Language + Work Basics,91,533,266,コピーする,コピーする,kopiisuru,to copy,Verb,Suru verb,Verbal noun + する,Misc/Bridge,Core open list,,,,0.00345,wordfreq 3.1.1 Japanese best wordlist,wordfreq fallback: Japanese form,コピーする,Fallback: no subtitle-corpus match for selected candidates,4.54,,,GitHub elzup/jlpt-word-list n5.csv (based on Tanos/Genki),Manual fallback from word/meaning,School/language/work anchor
3,School + Language + Work Basics,92,735,280,作文,さくぶん,sakubun,essay; composition,Noun,Can form する verb,Suru-verbal noun,Misc/Bridge,Core open list,Can combine with する,153,13493,0.0004489,chriskempson Japanese subtitles word_freq_report.txt,subtitle match: Japanese form,作文,"n,vs",,,,GitHub elzup/jlpt-word-list n5.csv (based on Tanos/Genki),"Subtitle corpus POS tags: n,vs",School/language/work anchor
3,School + Language + Work Basics,93,615,318,宿題,しゅくだい,shukudai,homework,Noun,,Common noun,Misc/Bridge,Core open list,Noun-like word,649,4540,0.00190416,chriskempson Japanese subtitles word_freq_report.txt,subtitle match: Japanese form,宿題,n,,,,GitHub elzup/jlpt-word-list n5.csv (based on Tanos/Genki),Subtitle corpus POS tags: n,School/language/work anchor
3,School + Language + Work Basics,94,530,432,テスト,テスト,tesuto,test,Noun,Can form する verb,Suru-verbal noun,Misc/Bridge,Core open list,Can combine with する,1188,2780,0.00348557,chriskempson Japanese subtitles word_freq_report.txt,subtitle match: Japanese form,テスト,"n,vs",,,,GitHub elzup/jlpt-word-list n5.csv (based on Tanos/Genki),"Subtitle corpus POS tags: n,vs",School/language/work anchor
3,School + Language + Work Basics,95,620,598,ペン,ペン,pen,pen,Noun,,Common noun,Misc/Bridge,Core open list,Noun-like word,624,4697,0.00183081,chriskempson Japanese subtitles word_freq_report.txt,subtitle match: Japanese form,ペン,n,,,,GitHub elzup/jlpt-word-list n5.csv (based on Tanos/Genki),Subtitle corpus POS tags: n,School/language/work anchor
3,School + Language + Work Basics,96,740,602,ボールペン,ボールペン,boorupen,ball-point pen,Noun,,Common noun,Misc/Bridge,Core open list,Noun-like word,133,14786,0.00039022,chriskempson Japanese subtitles word_freq_report.txt,subtitle match: Japanese form,ボールペン,n,,,,GitHub elzup/jlpt-word-list n5.csv (based on Tanos/Genki),Subtitle corpus POS tags: n,School/language/work anchor
3,School + Language + Work Basics,97,596,14,明後日,あさって,asatte,day after tomorrow,Noun,,Temporal noun / Adverbial noun,Time/Calendar,Core open list,Noun-like word,750,4054,0.00220049,chriskempson Japanese subtitles word_freq_report.txt,subtitle match: Japanese form,明後日,"n-adv,n-t",,,,GitHub elzup/jlpt-word-list n5.csv (based on Tanos/Genki),"Subtitle corpus POS tags: n-adv,n-t",School/language/work anchor
3,School + Language + Work Basics,98,130,16,明日,あした,ashita,tomorrow,Noun,,Temporal noun,Time/Calendar,Core open list,Noun-like word,14829,278,0.04350805,chriskempson Japanese subtitles word_freq_report.txt,subtitle match: Japanese form,明日,n-t,,,,GitHub elzup/jlpt-word-list n5.csv (based on Tanos/Genki),Subtitle corpus POS tags: n-t,School/language/work anchor
3,School + Language + Work Basics,99,516,50,いくつ,いくつ,ikutsu,"how many, how old",Pronoun,,Interrogative numeral pronoun,Adjectives/Adverbs/Abstract,Core open list,How many / how old,1310,2574,0.00384352,chriskempson Japanese subtitles word_freq_report.txt,subtitle match: Japanese form,いくつ,adv,,,,GitHub elzup/jlpt-word-list n5.csv (based on Tanos/Genki),Manual learner override for N5 interrogative,School/language/work anchor
3,School + Language + Work Basics,100,20,658,もう,もう,mou,already; again; more,Adverb,,Adverb,Adjectives/Adverbs/Abstract,Core open list,Modifies verbs/adjectives/sentences / interjection-like use,86980,45,0.25519791,chriskempson Japanese subtitles word_freq_report.txt,subtitle match: Japanese form,もう,"adv,int",,,,GitHub elzup/jlpt-word-list n5.csv (based on Tanos/Genki),"Subtitle corpus POS tags: adv,int",School/language/work anchor
4,Food + Shopping + Money,1,332,35,甘い,あまい,amai,"generous, sweet",Adjective,,i-adjective,Food/Shopping,Core open list,Conjugates directly; dictionary form ends in い,3767,1052,0.01105232,chriskempson Japanese subtitles word_freq_report.txt,subtitle match: Japanese form,甘い,adj-i,,,,GitHub elzup/jlpt-word-list n5.csv (based on Tanos/Genki),Subtitle corpus POS tags: adj-i,Food/shopping/money anchor
4,Food + Shopping + Money,2,193,84,売る,うる,uru,to sell (v.t.),Verb,Godan (-ru ending),Main verb,Food/Shopping,Core open list,Transitive,8862,484,0.02600096,chriskempson Japanese subtitles word_freq_report.txt,subtitle match: Japanese form,売る,"v5r,vt",,,,GitHub elzup/jlpt-word-list n5.csv (based on Tanos/Genki),"Subtitle corpus POS tags: v5r,vt",Food/shopping/money anchor
4,Food + Shopping + Money,3,176,104,お金,おかね,okane,money,Noun,,Common noun,Food/Shopping,Core open list,Noun-like word,10170,430,0.02983862,chriskempson Japanese subtitles word_freq_report.txt,subtitle match: Japanese form,お金,n,,,,GitHub elzup/jlpt-word-list n5.csv (based on Tanos/Genki),Subtitle corpus POS tags: n,Food/shopping/money anchor
4,Food + Shopping + Money,4,437,108,お酒,おさけ,osake,sake; alcohol,Noun,,Common noun,Food/Shopping,Core open list,Noun-like word,2030,1816,0.00595599,chriskempson Japanese subtitles word_freq_report.txt,subtitle match: Japanese form,お酒,n,,,,GitHub elzup/jlpt-word-list n5.csv (based on Tanos/Genki),Subtitle corpus POS tags: n,Food/shopping/money anchor
4,Food + Shopping + Money,5,368,115,お茶,おちゃ,ocha,(green) tea,Noun,,Common noun,Food/Shopping,Core open list,Noun-like word,3022,1265,0.0088665,chriskempson Japanese subtitles word_freq_report.txt,subtitle match: Japanese form,お茶,n,,,,GitHub elzup/jlpt-word-list n5.csv (based on Tanos/Genki),Subtitle corpus POS tags: n,Food/shopping/money anchor
4,Food + Shopping + Money,6,511,131,お弁当,おべんとう,obentou,a boxed lunch,Noun,,Common noun,Food/Shopping,Core open list,Noun-like word,1341,2535,0.00393447,chriskempson Japanese subtitles word_freq_report.txt,subtitle match: Japanese form,お弁当,n,,,,GitHub elzup/jlpt-word-list n5.csv (based on Tanos/Genki),Subtitle corpus POS tags: n,Food/shopping/money anchor
4,Food + Shopping + Money,7,510,148,買い物,かいもの,kaimono,shopping,Noun,,no-adjective noun,Food/Shopping,Core open list,Noun-like word,1346,2526,0.00394914,chriskempson Japanese subtitles word_freq_report.txt,subtitle match: Japanese form,買い物,"n,adj-no",,,,GitHub elzup/jlpt-word-list n5.csv (based on Tanos/Genki),"Subtitle corpus POS tags: n,adj-no",Food/shopping/money anchor
4,Food + Shopping + Money,8,92,149,買う,かう,kau,to buy,Verb,Godan (-u ending),Main verb,Food/Shopping,Core open list,Transitive,22231,188,0.06522539,chriskempson Japanese subtitles word_freq_report.txt,subtitle match: Japanese form,買う,"v5u,vt",,,,GitHub elzup/jlpt-word-list n5.csv (based on Tanos/Genki),"Subtitle corpus POS tags: v5u,vt",Food/shopping/money anchor
4,Food + Shopping + Money,9,245,178,辛い,からい,karai,hot and spicy; salty,Adjective,,i-adjective,Food/Shopping,Core open list,Conjugates directly; dictionary form ends in い,5884,695,0.01726356,chriskempson Japanese subtitles word_freq_report.txt,subtitle match: Japanese form,辛い,adj-i,,,,GitHub elzup/jlpt-word-list n5.csv (based on Tanos/Genki),Subtitle corpus POS tags: adj-i,Food/shopping/money anchor
4,Food + Shopping + Money,10,509,183,カレー,カレー,karee,curry (abbr. for curry and rice),Noun,,Common noun,Food/Shopping,Core open list,Noun-like word,1348,2522,0.00395501,chriskempson Japanese subtitles word_freq_report.txt,subtitle match: Japanese form,カレー,n,,,,GitHub elzup/jlpt-word-list n5.csv (based on Tanos/Genki),Subtitle corpus POS tags: n,Food/shopping/money anchor
4,Food + Shopping + Money,11,642,197,喫茶店,きっさてん,kissaten,café,Noun,,Common noun,Food/Shopping,Core open list,Noun-like word,520,5431,0.00152567,chriskempson Japanese subtitles word_freq_report.txt,subtitle match: Japanese form,喫茶店,n,,,,GitHub elzup/jlpt-word-list n5.csv (based on Tanos/Genki),Subtitle corpus POS tags: n,Food/shopping/money anchor
4,Food + Shopping + Money,12,739,202,牛肉,ぎゅうにく,gyuuniku,beef,Noun,,no-adjective noun,Food/Shopping,Core open list,Noun-like word,139,14373,0.00040782,chriskempson Japanese subtitles word_freq_report.txt,subtitle match: Japanese form,牛肉,"n,adj-no",,,,GitHub elzup/jlpt-word-list n5.csv (based on Tanos/Genki),"Subtitle corpus POS tags: n,adj-no",Food/shopping/money anchor
4,Food + Shopping + Money,13,645,203,牛乳,ぎゅうにゅう,gyuunyuu,milk,Noun,,Common noun,Food/Shopping,Core open list,Noun-like word,497,5682,0.00145819,chriskempson Japanese subtitles word_freq_report.txt,subtitle match: Japanese form,牛乳,n,,,,GitHub elzup/jlpt-word-list n5.csv (based on Tanos/Genki),Subtitle corpus POS tags: n,Food/shopping/money anchor
4,Food + Shopping + Money,14,708,219,果物,くだもの,kudamono,fruit,Noun,,Common noun,Food/Shopping,Core open list,Noun-like word,228,10225,0.00066895,chriskempson Japanese subtitles word_freq_report.txt,subtitle match: Japanese form,果物,n,,,,GitHub elzup/jlpt-word-list n5.csv (based on Tanos/Genki),Subtitle corpus POS tags: n,Food/shopping/money anchor
4,Food + Shopping + Money,15,651,247,紅茶,こうちゃ,koucha,black tea,Noun,,Common noun,Food/Shopping,Core open list,Noun-like word,476,5873,0.00139658,chriskempson Japanese subtitles word_freq_report.txt,subtitle match: Japanese form,紅茶,n,,,,GitHub elzup/jlpt-word-list n5.csv (based on Tanos/Genki),Subtitle corpus POS tags: n,Food/shopping/money anchor
4,Food + Shopping + Money,16,413,251,コーヒー,コーヒー,koohii,coffee,Noun,,Common noun,Food/Shopping,Core open list,Special reading/orthography tag in source,2293,1628,0.00672762,chriskempson Japanese subtitles word_freq_report.txt,subtitle match: Japanese form,コーヒー,ateji,,,,GitHub elzup/jlpt-word-list n5.csv (based on Tanos/Genki),Subtitle corpus POS tags: ateji,Food/shopping/money anchor
4,Food + Shopping + Money,17,449,265,御飯,ごはん,gohan,rice (cooked); meal,Noun,,Common noun,Food/Shopping,Core open list,Noun-like word,1882,1927,0.00552176,chriskempson Japanese subtitles word_freq_report.txt,subtitle match: Japanese form,御飯,n,,,,GitHub elzup/jlpt-word-list n5.csv (based on Tanos/Genki),Subtitle corpus POS tags: n,Food/shopping/money anchor
4,Food + Shopping + Money,18,346,277,魚,さかな,sakana,fish,Noun,,Common noun,Food/Shopping,Core open list,Noun-like word,3527,1110,0.01034816,chriskempson Japanese subtitles word_freq_report.txt,subtitle match: Japanese form,魚,n,,,,GitHub elzup/jlpt-word-list n5.csv (based on Tanos/Genki),Subtitle corpus POS tags: n,Food/shopping/money anchor
4,Food + Shopping + Money,19,636,322,食堂,しょくどう,shokudou,"cafeteria, dining hall",Noun,,Common noun,Food/Shopping,Core open list,Noun-like word,546,5233,0.00160196,chriskempson Japanese subtitles word_freq_report.txt,subtitle match: Japanese form,食堂,n,,,,GitHub elzup/jlpt-word-list n5.csv (based on Tanos/Genki),Subtitle corpus POS tags: n,Food/shopping/money anchor
4,Food + Shopping + Money,20,226,379,高い,たかい,takai,"tall, high; expensive",Adjective,,i-adjective,Food/Shopping,Core open list,Conjugates directly; dictionary form ends in い,7114,595,0.02087236,chriskempson Japanese subtitles word_freq_report.txt,subtitle match: Japanese form,高い,adj-i,,,,GitHub elzup/jlpt-word-list n5.csv (based on Tanos/Genki),Subtitle corpus POS tags: adj-i,Food/shopping/money anchor
4,Food + Shopping + Money,21,573,392,食べ物,たべもの,tabemono,food,Noun,,Common noun,Food/Shopping,Core open list,Noun-like word,895,3527,0.00262592,chriskempson Japanese subtitles word_freq_report.txt,subtitle match: Japanese form,食べ物,n,,,,GitHub elzup/jlpt-word-list n5.csv (based on Tanos/Genki),Subtitle corpus POS tags: n,Food/shopping/money anchor
4,Food + Shopping + Money,22,502,394,卵,たまご,tamago,egg,Noun,,Common noun,Food/Shopping,Core open list,Noun-like word,1436,2397,0.0042132,chriskempson Japanese subtitles word_freq_report.txt,subtitle match: Japanese form,卵,n,,,,GitHub elzup/jlpt-word-list n5.csv (based on Tanos/Genki),Subtitle corpus POS tags: n,Food/shopping/money anchor
4,Food + Shopping + Money,23,736,407,茶色,ちゃいろ,chairo,brown,Noun,,no-adjective noun,Food/Shopping,Core open list,Noun-like word,144,14047,0.00042249,chriskempson Japanese subtitles word_freq_report.txt,subtitle match: Japanese form,茶色,"n,adj-no",,,,GitHub elzup/jlpt-word-list n5.csv (based on Tanos/Genki),"Subtitle corpus POS tags: n,adj-no",Food/shopping/money anchor
4,Food + Shopping + Money,24,715,408,茶碗,ちゃわん,chawan,rice bowl,Noun,,Common noun,Food/Shopping,Core open list,Noun-like word,211,10833,0.00061907,chriskempson Japanese subtitles word_freq_report.txt,subtitle match: Japanese form,茶碗,n,,,,GitHub elzup/jlpt-word-list n5.csv (based on Tanos/Genki),Subtitle corpus POS tags: n,Food/shopping/money anchor
4,Food + Shopping + Money,25,734,434,デパート,デパート,depaato,(abbr.) department store,Noun,,Common noun,Food/Shopping,Core open list,Noun-like word,154,13436,0.00045183,chriskempson Japanese subtitles word_freq_report.txt,subtitle match: Japanese form,デパート,n,,,,GitHub elzup/jlpt-word-list n5.csv (based on Tanos/Genki),Subtitle corpus POS tags: n,Food/shopping/money anchor
4,Food + Shopping + Money,26,748,472,鶏肉,とりにく,toriniku,chicken meat,Noun,,Common noun,Food/Shopping,Core open list,Noun-like word,109,16829,0.0003198,chriskempson Japanese subtitles word_freq_report.txt,subtitle match: Japanese form,鶏肉,n,,,,GitHub elzup/jlpt-word-list n5.csv (based on Tanos/Genki),Subtitle corpus POS tags: n,Food/shopping/money anchor
4,Food + Shopping + Money,27,372,498,肉,にく,niku,meat,Noun,,Common noun,Food/Shopping,Core open list,Noun-like word,2907,1314,0.00852909,chriskempson Japanese subtitles word_freq_report.txt,subtitle match: Japanese form,肉,n,,,,GitHub elzup/jlpt-word-list n5.csv (based on Tanos/Genki),Subtitle corpus POS tags: n,Food/shopping/money anchor
4,Food + Shopping + Money,28,622,514,飲み物,のみもの,nomimono,"drink, beverage",Noun,,Common noun,Food/Shopping,Core open list,Noun-like word,623,4703,0.00182787,chriskempson Japanese subtitles word_freq_report.txt,subtitle match: Japanese form,飲み物,n,,,,GitHub elzup/jlpt-word-list n5.csv (based on Tanos/Genki),Subtitle corpus POS tags: n,Food/shopping/money anchor
4,Food + Shopping + Money,29,430,552,パン,パン,pan,bread,Noun,,Common noun,Food/Shopping,Core open list,Noun-like word,2084,1767,0.00611442,chriskempson Japanese subtitles word_freq_report.txt,subtitle match: Japanese form,パン,n,,,,GitHub elzup/jlpt-word-list n5.csv (based on Tanos/Genki),Subtitle corpus POS tags: n,Food/shopping/money anchor
4,Food + Shopping + Money,30,798,574,昼御飯,ひるごはん,hirugohan,"lunch, midday meal",Noun,,Common noun,Food/Shopping,Core open list,Noun-like word,2,85068,5.87e-06,chriskempson Japanese subtitles word_freq_report.txt,subtitle match: Japanese form,昼御飯,n,,,,GitHub elzup/jlpt-word-list n5.csv (based on Tanos/Genki),Subtitle corpus POS tags: n,Food/shopping/money anchor
4,Food + Shopping + Money,31,745,583,豚肉,ぶたにく,butaniku,pork,Noun,,no-adjective noun,Food/Shopping,Core open list,Noun-like word,120,15825,0.00035208,chriskempson Japanese subtitles word_freq_report.txt,subtitle match: Japanese form,豚肉,"n,adj-no",,,,GitHub elzup/jlpt-word-list n5.csv (based on Tanos/Genki),"Subtitle corpus POS tags: n,adj-no",Food/shopping/money anchor
4,Food + Shopping + Money,32,404,624,まずい,まずい,mazui,"terrible (in reference to food), unappetizing, unpleasant (taste)",Adjective,,i-adjective,Food/Shopping,Core open list,Conjugates directly; dictionary form ends in い,2446,1536,0.00717652,chriskempson Japanese subtitles word_freq_report.txt,subtitle match: Japanese form,まずい,adj-i,,,,GitHub elzup/jlpt-word-list n5.csv (based on Tanos/Genki),Subtitle corpus POS tags: adj-i,Food/shopping/money anchor
4,Food + Shopping + Money,33,311,638,水,みず,mizu,water,Noun,,Common noun,Food/Shopping,Core open list,Noun-like word,4286,924,0.01257505,chriskempson Japanese subtitles word_freq_report.txt,subtitle match: Japanese form,水,n,,,,GitHub elzup/jlpt-word-list n5.csv (based on Tanos/Genki),Subtitle corpus POS tags: n,Food/shopping/money anchor
4,Food + Shopping + Money,34,143,639,店,みせ,mise,"store, shop",Noun,,Common noun,Food/Shopping,Core open list,Noun-like word,13239,323,0.03884301,chriskempson Japanese subtitles word_freq_report.txt,subtitle match: Japanese form,店,n,,,,GitHub elzup/jlpt-word-list n5.csv (based on Tanos/Genki),Subtitle corpus POS tags: n,Food/shopping/money anchor
4,Food + Shopping + Money,35,478,668,野菜,やさい,yasai,vegetable,Noun,,no-adjective noun,Food/Shopping,Core open list,Noun-like word,1585,2214,0.00465036,chriskempson Japanese subtitles word_freq_report.txt,subtitle match: Japanese form,野菜,"n,adj-no",,,,GitHub elzup/jlpt-word-list n5.csv (based on Tanos/Genki),"Subtitle corpus POS tags: n,adj-no",Food/shopping/money anchor
4,Food + Shopping + Money,36,614,677,夕飯,ゆうはん,yuuhan,"dinner, supper, evening meal",Noun,,Common noun,Food/Shopping,Core open list,Noun-like word,650,4537,0.00190709,chriskempson Japanese subtitles word_freq_report.txt,subtitle match: Japanese form,夕飯,n,,,,GitHub elzup/jlpt-word-list n5.csv (based on Tanos/Genki),Subtitle corpus POS tags: n,Food/shopping/money anchor
4,Food + Shopping + Money,37,223,701,料理,りょうり,ryouri,cooking; cuisine,Noun,Can form する verb,Suru-verbal noun,Food/Shopping,Core open list,Can combine with する,7273,584,0.02133886,chriskempson Japanese subtitles word_freq_report.txt,subtitle match: Japanese form,料理,"n,vs",,,,GitHub elzup/jlpt-word-list n5.csv (based on Tanos/Genki),"Subtitle corpus POS tags: n,vs",Food/shopping/money anchor
4,Food + Shopping + Money,38,534,706,レストラン,レストラン,resutoran,restaurant,Noun,,Common noun,Food/Shopping,Core open list,Noun-like word,1175,2808,0.00344743,chriskempson Japanese subtitles word_freq_report.txt,subtitle match: Japanese form,レストラン,n,,,,GitHub elzup/jlpt-word-list n5.csv (based on Tanos/Genki),Subtitle corpus POS tags: n,Food/shopping/money anchor
4,Food + Shopping + Money,39,563,740,ラーメン,ラーメン,raamen,ramen; noodles,Noun,,Common noun,Food/Shopping,Supplemental N5 buffer,Noun-like word,959,3305,0.00281369,chriskempson Japanese subtitles word_freq_report.txt,subtitle match: Japanese form,ラーメン,n,,,,MLC 802-word list / common N5 buffer,Subtitle corpus POS tags: n,Food/shopping/money anchor
4,Food + Shopping + Money,40,743,743,りんご,りんご,ringo,apple,Noun,,Common noun,Food/Shopping,Supplemental N5 buffer,Noun-like word,123,15579,0.00036088,chriskempson Japanese subtitles word_freq_report.txt,subtitle match: Japanese form,りんご,n,,,,MLC 802-word list / common N5 buffer,Subtitle corpus POS tags: n,Food/shopping/money anchor
4,Food + Shopping + Money,41,362,796,料理する,りょうりする,ryourisuru,to cook,Verb,Suru verb,Verbal noun + する,Food/Shopping,Supplemental N5 buffer,,,,0.00939,wordfreq 3.1.1 Japanese best wordlist,wordfreq fallback: Japanese form,料理する,Fallback: no subtitle-corpus match for selected candidates,4.97,,,MLC 802-word list / common N5 buffer,Manual fallback from word/meaning,Food/shopping/money anchor
4,Food + Shopping + Money,42,351,799,店員,てんいん,ten'in,shop assistant; store clerk,Noun,,no-adjective noun,Food/Shopping,Supplemental N5 buffer,Noun-like word,3458,1130,0.01014572,chriskempson Japanese subtitles word_freq_report.txt,subtitle match: Japanese form,店員,"n,adj-no",,,,MLC 802-word list / common N5 buffer,"Subtitle corpus POS tags: n,adj-no",Food/shopping/money anchor
4,Food + Shopping + Money,43,95,94,～円,～えん,~en,Yen,Counter,,Currency counter suffix,Numbers/Counters,Core open list,Counter/function word,,,0.0631,wordfreq 3.1.1 Japanese best wordlist,wordfreq fallback: Japanese form,円,Fallback: no subtitle-corpus match for selected candidates,5.8,,,GitHub elzup/jlpt-word-list n5.csv (based on Tanos/Genki),Manual fallback from word/meaning,Food/shopping/money anchor
4,Food + Shopping + Money,44,28,96,お～,お～,o~,honorable ~ (honorific),Prefix,,Honorific prefix,Numbers/Counters,Core open list,Honorific prefix,,,0.209,wordfreq 3.1.1 Japanese best wordlist,wordfreq fallback: Japanese form,お,Fallback: no subtitle-corpus match for selected candidates,6.32,,,GitHub elzup/jlpt-word-list n5.csv (based on Tanos/Genki),Manual fallback from word/meaning,Food/shopping/money anchor
4,Food + Shopping + Money,45,227,142,～回,～かい,~kai,counter for occurrences (~ times),Counter,,Counter / counting suffix,Numbers/Counters,Core open list,Counter or measure word,6801,613,0.01995402,chriskempson Japanese subtitles word_freq_report.txt,subtitle match: Japanese form,回,ctr,,,,GitHub elzup/jlpt-word-list n5.csv (based on Tanos/Genki),Subtitle corpus POS tags: ctr,Food/shopping/money anchor
4,Food + Shopping + Money,46,360,157,～か月,～かげつ,~kagetsu,(number of) months,Counter,,Counter / counting suffix,Numbers/Counters,Core open list,Counter or measure word,3233,1192,0.00948557,chriskempson Japanese subtitles word_freq_report.txt,subtitle match: Japanese form,か月,ctr,,,,GitHub elzup/jlpt-word-list n5.csv (based on Tanos/Genki),Subtitle corpus POS tags: ctr,Food/shopping/money anchor
4,Food + Shopping + Money,47,440,181,～がる,～がる,~garu,feel,Auxiliary / Suffix,,Auxiliary verb suffix,Numbers/Counters,Core open list,Grammar pattern suffix,1996,1837,0.00585623,chriskempson Japanese subtitles word_freq_report.txt,subtitle match: Japanese form,がる,"suf,v5r",,,,GitHub elzup/jlpt-word-list n5.csv (based on Tanos/Genki),"Subtitle corpus POS tags: suf,v5r",Food/shopping/money anchor
4,Food + Shopping + Money,48,231,186,～側,～がわ,~gawa,~ side,Suffix,,Suffix / bound word,Numbers/Counters,Core open list,Attaches to another word or number,6753,619,0.01981319,chriskempson Japanese subtitles word_freq_report.txt,subtitle match: Japanese form,側,n,,,,GitHub elzup/jlpt-word-list n5.csv (based on Tanos/Genki),Subtitle corpus POS tags: n,Food/shopping/money anchor
4,Food + Shopping + Money,49,785,212,キログラム,キログラム,kiroguramu,(abbr.) kilo (kilogram),Noun,,Common noun,Numbers/Counters,Core open list,Noun-like word,11,52498,3.227e-05,chriskempson Japanese subtitles word_freq_report.txt,subtitle match: Japanese form,キログラム,n,,,,GitHub elzup/jlpt-word-list n5.csv (based on Tanos/Genki),Subtitle corpus POS tags: n,Food/shopping/money anchor
4,Food + Shopping + Money,50,730,229,グラム,グラム,guramu,gram,Noun,,Common noun,Numbers/Counters,Core open list,Noun-like word,169,12649,0.00049584,chriskempson Japanese subtitles word_freq_report.txt,subtitle match: Japanese form,グラム,n,,,,GitHub elzup/jlpt-word-list n5.csv (based on Tanos/Genki),Subtitle corpus POS tags: n,Food/shopping/money anchor
4,Food + Shopping + Money,51,406,242,～個,～こ,~ko,"counter for small items (e.g., fruits, cups)",Counter,,Counter / counting suffix,Numbers/Counters,Core open list,Counter or measure word,2427,1550,0.00712078,chriskempson Japanese subtitles word_freq_report.txt,subtitle match: Japanese form,個,ctr,,,,GitHub elzup/jlpt-word-list n5.csv (based on Tanos/Genki),Subtitle corpus POS tags: ctr,Food/shopping/money anchor
4,Food + Shopping + Money,52,521,520,～杯,～はい,~hai,counter for cupfuls,Counter,,Counter / counting suffix,Numbers/Counters,Core open list,Counter or measure word,1271,2627,0.00372909,chriskempson Japanese subtitles word_freq_report.txt,subtitle match: Japanese form,杯,n,,,,GitHub elzup/jlpt-word-list n5.csv (based on Tanos/Genki),Subtitle corpus POS tags: n,Food/shopping/money anchor
4,Food + Shopping + Money,53,630,592,ページ,ページ,peeji,a page,Noun,,Common noun,Numbers/Counters,Core open list,Noun-like word,575,5025,0.00168704,chriskempson Japanese subtitles word_freq_report.txt,subtitle match: Japanese form,ページ,n,,,,GitHub elzup/jlpt-word-list n5.csv (based on Tanos/Genki),Subtitle corpus POS tags: n,Food/shopping/money anchor
4,Food + Shopping + Money,54,317,666,～屋,～や,~ya,~ shop,Suffix,,Suffix / bound word,Numbers/Counters,Core open list,Attaches to another word or number,4085,963,0.01198532,chriskempson Japanese subtitles word_freq_report.txt,subtitle match: Japanese form,屋,suf,,,,GitHub elzup/jlpt-word-list n5.csv (based on Tanos/Genki),Subtitle corpus POS tags: suf,Food/shopping/money anchor
4,Food + Shopping + Money,55,498,722,～キロ,～キロ,~kiro,... kilogram/kilometer,Counter,,Measurement counter suffix,Numbers/Counters,Supplemental N5 buffer,Counter/function word,,,0.00427,wordfreq 3.1.1 Japanese best wordlist,wordfreq fallback: Japanese form,キロ,Fallback: no subtitle-corpus match for selected candidates,4.63,,,MLC 802-word list / common N5 buffer,Manual fallback from word/meaning,Food/shopping/money anchor
4,Food + Shopping + Money,56,731,723,～グラム,～グラム,~guramu,... gram,Counter,,Counter / counting suffix,Numbers/Counters,Supplemental N5 buffer,Counter or measure word,169,12649,0.00049584,chriskempson Japanese subtitles word_freq_report.txt,subtitle match: Japanese form,グラム,n,,,,MLC 802-word list / common N5 buffer,Subtitle corpus POS tags: n,Food/shopping/money anchor
4,Food + Shopping + Money,57,260,726,～つ,～つ,~tsu,counter for things,Counter,,Counter / counting suffix,Numbers/Counters,Supplemental N5 buffer,Counter or measure word,5346,745,0.01568508,chriskempson Japanese subtitles word_freq_report.txt,subtitle match: Japanese form,つ,conj,,,,MLC 802-word list / common N5 buffer,Subtitle corpus POS tags: conj,Food/shopping/money anchor
4,Food + Shopping + Money,58,631,728,～ページ,～ページ,~peeji,... page,Counter,,Counter / counting suffix,Numbers/Counters,Supplemental N5 buffer,Counter or measure word,575,5025,0.00168704,chriskempson Japanese subtitles word_freq_report.txt,subtitle match: Japanese form,ページ,n,,,,MLC 802-word list / common N5 buffer,Subtitle corpus POS tags: n,Food/shopping/money anchor
4,Food + Shopping + Money,59,694,109,お皿,おさら,osara,"plate, dish",Noun,,Common noun,Home/Objects,Core open list,Noun-like word,271,9038,0.00079511,chriskempson Japanese subtitles word_freq_report.txt,subtitle match: Japanese form,お皿,n,,,,GitHub elzup/jlpt-word-list n5.csv (based on Tanos/Genki),Subtitle corpus POS tags: n,Food/shopping/money anchor
4,Food + Shopping + Money,60,398,169,カップ,カップ,kappu,cup,Noun,,Common noun,Home/Objects,Core open list,Loanword noun,,,0.00724,wordfreq 3.1.1 Japanese best wordlist,wordfreq fallback: Japanese form,カップ,Fallback: no subtitle-corpus match for selected candidates,4.86,,,GitHub elzup/jlpt-word-list n5.csv (based on Tanos/Genki),Manual fallback from word/meaning,Food/shopping/money anchor
4,Food + Shopping + Money,61,16,72,要る,いる,iru,to need,Verb,Godan (-ru ending),Main verb,Core Verbs/Actions,Core open list,Intransitive,102107,35,0.29958028,chriskempson Japanese subtitles word_freq_report.txt,subtitle match: Japanese form,要る,"v5r,vi",,,,GitHub elzup/jlpt-word-list n5.csv (based on Tanos/Genki),"Subtitle corpus POS tags: v5r,vi",Food/shopping/money anchor
4,Food + Shopping + Money,62,585,82,生まれる,うまれる,umareru,to be born,Verb,Ichidan,Plain verb,Core Verbs/Actions,Core open list,Intransitive,,,0.0024,wordfreq 3.1.1 Japanese best wordlist,wordfreq fallback: Japanese form,生まれる,Fallback: no subtitle-corpus match for selected candidates,4.38,,,GitHub elzup/jlpt-word-list n5.csv (based on Tanos/Genki),Manual fallback from word/meaning,Food/shopping/money anchor
4,Food + Shopping + Money,63,792,159,かける,かける,kakeru,"to dial/call (e.g., phone); to sit down",Verb,Ichidan,Main verb,Core Verbs/Actions,Core open list,Transitive,3,77470,8.8e-06,chriskempson Japanese subtitles word_freq_report.txt,subtitle match: Japanese form,かける,"v1,vt",,,,GitHub elzup/jlpt-word-list n5.csv (based on Tanos/Genki),"Subtitle corpus POS tags: v1,vt",Food/shopping/money anchor
4,Food + Shopping + Money,64,93,418,作る,つくる,tsukuru,"to make, to create",Verb,Godan (-ru ending),Main verb,Core Verbs/Actions,Core open list,Transitive,21883,191,0.06420437,chriskempson Japanese subtitles word_freq_report.txt,subtitle match: Japanese form,作る,"v5r,vt",,,,GitHub elzup/jlpt-word-list n5.csv (based on Tanos/Genki),"Subtitle corpus POS tags: v5r,vt",Food/shopping/money anchor
4,Food + Shopping + Money,65,100,675,やる,やる,yaru,"to do; to give (to pets, parents, siblings, etc.)",Verb,Godan (-ru ending),Main verb,Core Verbs/Actions,Core open list,Transitive,20216,203,0.05931342,chriskempson Japanese subtitles word_freq_report.txt,subtitle match: Japanese form,やる,"v5r,vt",,,,GitHub elzup/jlpt-word-list n5.csv (based on Tanos/Genki),"Subtitle corpus POS tags: v5r,vt",Food/shopping/money anchor
4,Food + Shopping + Money,66,235,735,もらう,もらう,morau,to receive,Verb,Godan (-u ending),Main verb,Core Verbs/Actions,Supplemental N5 buffer,Transitive,6558,632,0.01924107,chriskempson Japanese subtitles word_freq_report.txt,subtitle match: Japanese form,もらう,"v5u,vt",,,,MLC 802-word list / common N5 buffer,"Subtitle corpus POS tags: v5u,vt",Food/shopping/money anchor
4,Food + Shopping + Money,67,752,38,飴,あめ,ame,(hard) candy,Noun,,Common noun,Misc/Bridge,Core open list,Noun-like word,102,17485,0.00029927,chriskempson Japanese subtitles word_freq_report.txt,subtitle match: Japanese form,飴,n,,,,GitHub elzup/jlpt-word-list n5.csv (based on Tanos/Genki),Subtitle corpus POS tags: n,Food/shopping/money anchor
4,Food + Shopping + Money,68,35,66,今,いま,ima,now,Noun,,Adverbial noun,Misc/Bridge,Core open list,Noun-like word,61522,72,0.18050455,chriskempson Japanese subtitles word_freq_report.txt,subtitle match: Japanese form,今,"n-adv,n",,,,GitHub elzup/jlpt-word-list n5.csv (based on Tanos/Genki),"Subtitle corpus POS tags: n-adv,n",Food/shopping/money anchor
4,Food + Shopping + Money,69,365,74,色,いろ,iro,color,Noun,,Common noun,Misc/Bridge,Core open list,Noun-like word,3058,1255,0.00897212,chriskempson Japanese subtitles word_freq_report.txt,subtitle match: Japanese form,色,n,,,,GitHub elzup/jlpt-word-list n5.csv (based on Tanos/Genki),Subtitle corpus POS tags: n,Food/shopping/money anchor
4,Food + Shopping + Money,70,326,85,うるさい,うるさい,urusai,noisy; annoying,Adjective,,i-adjective,Misc/Bridge,Core open list,Conjugates directly; dictionary form ends in い,3920,1011,0.01150122,chriskempson Japanese subtitles word_freq_report.txt,subtitle match: Japanese form,うるさい,adj-i,,,,GitHub elzup/jlpt-word-list n5.csv (based on Tanos/Genki),Subtitle corpus POS tags: adj-i,Food/shopping/money anchor
4,Food + Shopping + Money,71,341,87,絵,え,e,a painting; a picture; a drawing,Noun,,Suffix-like noun,Misc/Bridge,Core open list,Noun-like word,3620,1095,0.01062102,chriskempson Japanese subtitles word_freq_report.txt,subtitle match: Japanese form,絵,"n,n-suf",,,,GitHub elzup/jlpt-word-list n5.csv (based on Tanos/Genki),"Subtitle corpus POS tags: n,n-suf",Food/shopping/money anchor
4,Food + Shopping + Money,72,595,93,エレベーター,エレベーター,erebeetaa,elevator,Noun,,Common noun,Misc/Bridge,Core open list,Noun-like word,762,4008,0.0022357,chriskempson Japanese subtitles word_freq_report.txt,subtitle match: Japanese form,エレベーター,n,,,,GitHub elzup/jlpt-word-list n5.csv (based on Tanos/Genki),Subtitle corpus POS tags: n,Food/shopping/money anchor
4,Food + Shopping + Money,73,389,113,押す,おす,osu,"to push, to press, to stamp (e.g., a passport)",Verb,Godan (-su ending),Main verb,Misc/Bridge,Core open list,Transitive,2642,1439,0.00775159,chriskempson Japanese subtitles word_freq_report.txt,subtitle match: Japanese form,押す,"v5s,vt",,,,GitHub elzup/jlpt-word-list n5.csv (based on Tanos/Genki),"Subtitle corpus POS tags: v5s,vt",Food/shopping/money anchor
4,Food + Shopping + Money,74,264,161,貸す,かす,kasu,to lend,Verb,Godan (-su ending),Main verb,Misc/Bridge,Core open list,Transitive,5290,754,0.01552077,chriskempson Japanese subtitles word_freq_report.txt,subtitle match: Japanese form,貸す,"v5s,vt",,,,GitHub elzup/jlpt-word-list n5.csv (based on Tanos/Genki),"Subtitle corpus POS tags: v5s,vt",Food/shopping/money anchor
4,Food + Shopping + Money,75,73,164,方,かた,kata,-- honorific form for 人 (ひと) --; way of doing,Noun,,Common noun,Misc/Bridge,Core open list,Noun-like word,27398,153,0.08038529,chriskempson Japanese subtitles word_freq_report.txt,subtitle match: Japanese form,方,n,,,,GitHub elzup/jlpt-word-list n5.csv (based on Tanos/Genki),Subtitle corpus POS tags: n,Food/shopping/money anchor
4,Food + Shopping + Money,76,310,180,借りる,かりる,kariru,"to borrow, to owe",Verb,Ichidan,Main verb,Misc/Bridge,Core open list,Transitive,4289,923,0.01258386,chriskempson Japanese subtitles word_freq_report.txt,subtitle match: Japanese form,借りる,"v1,vt",,,,GitHub elzup/jlpt-word-list n5.csv (based on Tanos/Genki),"Subtitle corpus POS tags: v1,vt",Food/shopping/money anchor
4,Food + Shopping + Money,77,756,184,カレンダー,カレンダー,karendaa,calendar,Noun,,Common noun,Misc/Bridge,Core open list,Noun-like word,88,19128,0.00025819,chriskempson Japanese subtitles word_freq_report.txt,subtitle match: Japanese form,カレンダー,n,,,,GitHub elzup/jlpt-word-list n5.csv (based on Tanos/Genki),Subtitle corpus POS tags: n,Food/shopping/money anchor
4,Food + Shopping + Money,78,764,190,黄色,きいろ,kiiro,yellow,Adjective,,na-adjective,Misc/Bridge,Core open list,Can take な before nouns / also noun-like,57,24682,0.00016724,chriskempson Japanese subtitles word_freq_report.txt,subtitle match: Japanese form,黄色,"adj-na,n",,,,GitHub elzup/jlpt-word-list n5.csv (based on Tanos/Genki),"Subtitle corpus POS tags: adj-na,n",Food/shopping/money anchor
4,Food + Shopping + Money,79,637,191,黄色い,きいろい,kiiroi,yellow,Adjective,,i-adjective,Misc/Bridge,Core open list,Conjugates directly; dictionary form ends in い,542,5261,0.00159022,chriskempson Japanese subtitles word_freq_report.txt,subtitle match: Japanese form,黄色い,adj-i,,,,GitHub elzup/jlpt-word-list n5.csv (based on Tanos/Genki),Subtitle corpus POS tags: adj-i,Food/shopping/money anchor
4,Food + Shopping + Money,80,284,192,消える,きえる,kieru,"to vanish, to disappear",Verb,Ichidan,Main verb,Misc/Bridge,Core open list,Intransitive,4862,818,0.01426503,chriskempson Japanese subtitles word_freq_report.txt,subtitle match: Japanese form,消える,"v1,vi",,,,GitHub elzup/jlpt-word-list n5.csv (based on Tanos/Genki),"Subtitle corpus POS tags: v1,vi",Food/shopping/money anchor
4,Food + Shopping + Money,81,247,209,切る,きる,kiru,to cut; to hang up (a phone),Verb,Godan (-ru ending),Main verb,Misc/Bridge,Core open list,Transitive,5827,701,0.01709632,chriskempson Japanese subtitles word_freq_report.txt,subtitle match: Japanese form,切る,"suf,v5r,vt",,,,GitHub elzup/jlpt-word-list n5.csv (based on Tanos/Genki),"Subtitle corpus POS tags: suf,v5r,vt",Food/shopping/money anchor
4,Food + Shopping + Money,82,775,213,キロメートル,キロメートル,kiromeetoru,(abbr.) kilo (kilometer),Noun,,Common noun,Misc/Bridge,Core open list,Noun-like word,30,34549,8.802e-05,chriskempson Japanese subtitles word_freq_report.txt,subtitle match: Japanese form,キロメートル,n,,,,GitHub elzup/jlpt-word-list n5.csv (based on Tanos/Genki),Subtitle corpus POS tags: n,Food/shopping/money anchor
4,Food + Shopping + Money,83,704,225,曇る,くもる,kumoru,"to become cloudy, to become dim",Verb,Godan (-ru ending),Main verb,Misc/Bridge,Core open list,Intransitive,237,9968,0.00069535,chriskempson Japanese subtitles word_freq_report.txt,subtitle match: Japanese form,曇る,"v5r,vi",,,,GitHub elzup/jlpt-word-list n5.csv (based on Tanos/Genki),"Subtitle corpus POS tags: v5r,vi",Food/shopping/money anchor
4,Food + Shopping + Money,84,220,226,暗い,くらい,kurai,"dark, gloomy",Adjective,,i-adjective,Misc/Bridge,Core open list,Descriptive adjective,7413,573,0.02174962,chriskempson Japanese subtitles word_freq_report.txt,subtitle match: reading form,くらい,"suf,prt",,,,GitHub elzup/jlpt-word-list n5.csv (based on Tanos/Genki),Manual learner override from vocabulary meaning,Food/shopping/money anchor
4,Food + Shopping + Money,85,528,276,財布,さいふ,saifu,wallet,Noun,,Common noun,Misc/Bridge,Core open list,Noun-like word,1202,2755,0.00352665,chriskempson Japanese subtitles word_freq_report.txt,subtitle match: Japanese form,財布,n,,,,GitHub elzup/jlpt-word-list n5.csv (based on Tanos/Genki),Subtitle corpus POS tags: n,Food/shopping/money anchor
4,Food + Shopping + Money,86,629,284,砂糖,さとう,satou,sugar,Noun,,Common noun,Misc/Bridge,Core open list,Noun-like word,581,4994,0.00170464,chriskempson Japanese subtitles word_freq_report.txt,subtitle match: Japanese form,砂糖,n,,,,GitHub elzup/jlpt-word-list n5.csv (based on Tanos/Genki),Subtitle corpus POS tags: n,Food/shopping/money anchor
4,Food + Shopping + Money,87,560,292,塩,しお,shio,salt,Noun,,Common noun,Misc/Bridge,Core open list,Noun-like word,978,3253,0.00286944,chriskempson Japanese subtitles word_freq_report.txt,subtitle match: Japanese form,塩,n,,,,GitHub elzup/jlpt-word-list n5.csv (based on Tanos/Genki),Subtitle corpus POS tags: n,Food/shopping/money anchor
4,Food + Shopping + Money,88,609,321,醤油,しょうゆ,shouyu,soy sauce,Noun,,Common noun,Misc/Bridge,Core open list,Noun-like word,670,4428,0.00196577,chriskempson Japanese subtitles word_freq_report.txt,subtitle match: Japanese form,醤油,n,,,,GitHub elzup/jlpt-word-list n5.csv (based on Tanos/Genki),Subtitle corpus POS tags: n,Food/shopping/money anchor
4,Food + Shopping + Money,89,68,329,吸う,すう,suu,"to breathe in, to suck",Verb,Godan (-u ending),Main verb,Misc/Bridge,Core open list,Transitive,30301,140,0.08890264,chriskempson Japanese subtitles word_freq_report.txt,subtitle match: Japanese form,吸う,"v5u,vt",,,,GitHub elzup/jlpt-word-list n5.csv (based on Tanos/Genki),"Subtitle corpus POS tags: v5u,vt",Food/shopping/money anchor
4,Food + Shopping + Money,90,759,338,ストーブ,ストーブ,sutoobu,heater (lit: stove),Noun,,Common noun,Misc/Bridge,Core open list,Noun-like word,72,21570,0.00021125,chriskempson Japanese subtitles word_freq_report.txt,subtitle match: Japanese form,ストーブ,n,,,,GitHub elzup/jlpt-word-list n5.csv (based on Tanos/Genki),Subtitle corpus POS tags: n,Food/shopping/money anchor
4,Food + Shopping + Money,91,721,339,スプーン,スプーン,supuun,spoon,Noun,,Common noun,Misc/Bridge,Core open list,Noun-like word,192,11617,0.00056332,chriskempson Japanese subtitles word_freq_report.txt,subtitle match: Japanese form,スプーン,n,,,,GitHub elzup/jlpt-word-list n5.csv (based on Tanos/Genki),Subtitle corpus POS tags: n,Food/shopping/money anchor
4,Food + Shopping + Money,92,753,347,セーター,セーター,seetaa,sweater,Noun,,Common noun,Misc/Bridge,Core open list,Noun-like word,98,17916,0.00028753,chriskempson Japanese subtitles word_freq_report.txt,subtitle match: Japanese form,セーター,n,,,,GitHub elzup/jlpt-word-list n5.csv (based on Tanos/Genki),Subtitle corpus POS tags: n,Food/shopping/money anchor
4,Food + Shopping + Money,93,414,527,箸,はし,hashi,chopsticks,Noun,,Common noun,Misc/Bridge,Core open list,Noun-like word,2260,1645,0.0066308,chriskempson Japanese subtitles word_freq_report.txt,subtitle match: Japanese form,箸,n,,,,GitHub elzup/jlpt-word-list n5.csv (based on Tanos/Genki),Subtitle corpus POS tags: n,Food/shopping/money anchor
4,Food + Shopping + Money,94,699,533,バター,バター,bataa,butter,Noun,,Common noun,Misc/Bridge,Core open list,Noun-like word,251,9559,0.00073643,chriskempson Japanese subtitles word_freq_report.txt,subtitle match: Japanese form,バター,n,,,,GitHub elzup/jlpt-word-list n5.csv (based on Tanos/Genki),Subtitle corpus POS tags: n,Food/shopping/money anchor
4,Food + Shopping + Money,95,679,579,フォーク,フォーク,fooku,fork,Noun,,Common noun,Misc/Bridge,Core open list,Noun-like word,347,7536,0.00101809,chriskempson Japanese subtitles word_freq_report.txt,subtitle match: Japanese form,フォーク,n,,,,GitHub elzup/jlpt-word-list n5.csv (based on Tanos/Genki),Subtitle corpus POS tags: n,Food/shopping/money anchor
4,Food + Shopping + Money,96,287,100,大きな,おおきな,ookina,big,Adjective,,pre-noun adjective,Adjectives/Adverbs/Abstract,Core open list,Used directly before nouns,4738,840,0.01390122,chriskempson Japanese subtitles word_freq_report.txt,subtitle match: Japanese form,大きな,adj-f,,,,GitHub elzup/jlpt-word-list n5.csv (based on Tanos/Genki),Subtitle corpus POS tags: adj-f,Food/shopping/money anchor
4,Food + Shopping + Money,97,215,114,遅い,おそい,osoi,slow; (to be) late,Adjective,,i-adjective,Adjectives/Adverbs/Abstract,Core open list,Conjugates directly; dictionary form ends in い,7777,553,0.02281759,chriskempson Japanese subtitles word_freq_report.txt,subtitle match: Japanese form,遅い,adj-i,,,,GitHub elzup/jlpt-word-list n5.csv (based on Tanos/Genki),Subtitle corpus POS tags: adj-i,Food/shopping/money anchor
4,Food + Shopping + Money,98,598,121,一昨日,おととい,ototoi,the day before yesterday,Noun,,Temporal noun / Adverbial noun,Time/Calendar,Core open list,Noun-like word,730,4145,0.00214181,chriskempson Japanese subtitles word_freq_report.txt,subtitle match: Japanese form,一昨日,"n-adv,n-t",,,,GitHub elzup/jlpt-word-list n5.csv (based on Tanos/Genki),"Subtitle corpus POS tags: n-adv,n-t",Food/shopping/money anchor
4,Food + Shopping + Money,99,183,200,昨日,きのう,kinou,yesterday,Noun,,Temporal noun / Adverbial noun,Time/Calendar,Core open list,Noun-like word,9468,454,0.02777896,chriskempson Japanese subtitles word_freq_report.txt,subtitle match: Japanese form,昨日,"n-adv,n-t",,,,GitHub elzup/jlpt-word-list n5.csv (based on Tanos/Genki),"Subtitle corpus POS tags: n-adv,n-t",Food/shopping/money anchor
4,Food + Shopping + Money,100,91,204,今日,きょう,kyou,"today, this day",Noun,,Temporal noun,Time/Calendar,Core open list,Noun-like word,23308,182,0.06838529,chriskempson Japanese subtitles word_freq_report.txt,subtitle match: Japanese form,今日,n-t,,,,GitHub elzup/jlpt-word-list n5.csv (based on Tanos/Genki),Subtitle corpus POS tags: n-t,Food/shopping/money anchor
5,Places + Transport + Directions,1,269,11,上げる,あげる,ageru,"to raise, to lift",Verb,Ichidan,Main verb,Places/Transport/Directions,Core open list,Transitive,5237,769,0.01536527,chriskempson Japanese subtitles word_freq_report.txt,subtitle match: reading form,あげる,"v1,vt",,,,GitHub elzup/jlpt-word-list n5.csv (based on Tanos/Genki),"Subtitle corpus POS tags: v1,vt",Place/transport/direction anchor
5,Places + Transport + Directions,2,208,27,後,あと,ato,afterwards (later); in the future; the rest; since then,Noun,,no-adjective noun,Places/Transport/Directions,Core open list,Noun-like word,8164,526,0.02395304,chriskempson Japanese subtitles word_freq_report.txt,subtitle match: Japanese form,後,"n,adj-no",,,,GitHub elzup/jlpt-word-list n5.csv (based on Tanos/Genki),"Subtitle corpus POS tags: n,adj-no",Place/transport/direction anchor
5,Places + Transport + Directions,3,291,42,歩く,あるく,aruku,to walk,Verb,Godan (-ku ending),Main verb,Places/Transport/Directions,Core open list,Intransitive,4695,850,0.01377505,chriskempson Japanese subtitles word_freq_report.txt,subtitle match: Japanese form,歩く,"v5k,vi",,,,GitHub elzup/jlpt-word-list n5.csv (based on Tanos/Genki),"Subtitle corpus POS tags: v5k,vi",Place/transport/direction anchor
5,Places + Transport + Directions,4,771,70,入口,いりぐち,iriguchi,entrance,Noun,,no-adjective noun,Places/Transport/Directions,Core open list,Noun-like word,37,31015,0.00010856,chriskempson Japanese subtitles word_freq_report.txt,subtitle match: Japanese form,入口,"n,adj-no",,,,GitHub elzup/jlpt-word-list n5.csv (based on Tanos/Genki),"Subtitle corpus POS tags: n,adj-no",Place/transport/direction anchor
5,Places + Transport + Directions,5,210,76,上,うえ,ue,"above (up, top, etc.), over, on top of",Noun,,Spatial noun / adverbial noun,Places/Transport/Directions,Core open list,Above/top; location word,8108,532,0.02378874,chriskempson Japanese subtitles word_freq_report.txt,subtitle match: Japanese form,上,n-suf,,,,GitHub elzup/jlpt-word-list n5.csv (based on Tanos/Genki),Manual learner override from vocabulary meaning,Place/transport/direction anchor
5,Places + Transport + Directions,6,457,77,後ろ,うしろ,ushiro,"back, behind, rear",Noun,,Common noun,Places/Transport/Directions,Core open list,Noun-like word,1806,1999,0.00529877,chriskempson Japanese subtitles word_freq_report.txt,subtitle match: Japanese form,後ろ,n,,,,GitHub elzup/jlpt-word-list n5.csv (based on Tanos/Genki),Subtitle corpus POS tags: n,Place/transport/direction anchor
5,Places + Transport + Directions,7,506,92,駅,えき,eki,station,Noun,,Common noun,Places/Transport/Directions,Core open list,Noun-like word,1370,2491,0.00401956,chriskempson Japanese subtitles word_freq_report.txt,subtitle match: Japanese form,駅,n,,,,GitHub elzup/jlpt-word-list n5.csv (based on Tanos/Genki),Subtitle corpus POS tags: n,Place/transport/direction anchor
5,Places + Transport + Directions,8,355,106,置く,おく,oku,to put; to lay; to place,Verb,Godan (-ku ending),Main verb,Places/Transport/Directions,Core open list,,3351,1156,0.00983178,chriskempson Japanese subtitles word_freq_report.txt,subtitle match: reading form,おく,v5k,,,,GitHub elzup/jlpt-word-list n5.csv (based on Tanos/Genki),Subtitle corpus POS tags: v5k,Place/transport/direction anchor
5,Places + Transport + Directions,9,485,137,降りる,おりる,oriru,to get off,Verb,Ichidan,Main verb,Places/Transport/Directions,Core open list,Intransitive,1511,2295,0.00443325,chriskempson Japanese subtitles word_freq_report.txt,subtitle match: Japanese form,降りる,"v1,vi",,,,GitHub elzup/jlpt-word-list n5.csv (based on Tanos/Genki),"Subtitle corpus POS tags: v1,vi",Place/transport/direction anchor
5,Places + Transport + Directions,10,662,144,外国,がいこく,gaikoku,foreign country; abroad,Noun,,no-adjective noun,Places/Transport/Directions,Core open list,Noun-like word,419,6446,0.00122934,chriskempson Japanese subtitles word_freq_report.txt,subtitle match: Japanese form,外国,"n,adj-no",,,,GitHub elzup/jlpt-word-list n5.csv (based on Tanos/Genki),"Subtitle corpus POS tags: n,adj-no",Place/transport/direction anchor
5,Places + Transport + Directions,11,225,150,返す,かえす,kaesu,to return something,Verb,Godan (-su ending),Main verb,Places/Transport/Directions,Core open list,Transitive,7165,591,0.02102199,chriskempson Japanese subtitles word_freq_report.txt,subtitle match: Japanese form,返す,"v5s,vt",,,,GitHub elzup/jlpt-word-list n5.csv (based on Tanos/Genki),"Subtitle corpus POS tags: v5s,vt",Place/transport/direction anchor
5,Places + Transport + Directions,12,517,194,北,きた,kita,north,Noun,,Common noun,Places/Transport/Directions,Core open list,Noun-like word,1308,2581,0.00383765,chriskempson Japanese subtitles word_freq_report.txt,subtitle match: Japanese form,北,n,,,,GitHub elzup/jlpt-word-list n5.csv (based on Tanos/Genki),Subtitle corpus POS tags: n,Place/transport/direction anchor
5,Places + Transport + Directions,13,249,223,国,くに,kuni,country; place of origin,Noun,,Common noun,Places/Transport/Directions,Core open list,Noun-like word,5726,708,0.01679999,chriskempson Japanese subtitles word_freq_report.txt,subtitle match: Japanese form,国,n,,,,GitHub elzup/jlpt-word-list n5.csv (based on Tanos/Genki),Subtitle corpus POS tags: n,Place/transport/direction anchor
5,Places + Transport + Directions,14,222,231,車,くるま,kuruma,"car, vehicle",Noun,,Common noun,Places/Transport/Directions,Core open list,Noun-like word,7346,577,0.02155305,chriskempson Japanese subtitles word_freq_report.txt,subtitle match: Japanese form,車,n,,,,GitHub elzup/jlpt-word-list n5.csv (based on Tanos/Genki),Subtitle corpus POS tags: n,Place/transport/direction anchor
5,Places + Transport + Directions,15,467,245,公園,こうえん,kouen,a park,Noun,,Common noun,Places/Transport/Directions,Core open list,Noun-like word,1700,2100,0.00498777,chriskempson Japanese subtitles word_freq_report.txt,subtitle match: Japanese form,公園,n,,,,GitHub elzup/jlpt-word-list n5.csv (based on Tanos/Genki),Subtitle corpus POS tags: n,Place/transport/direction anchor
5,Places + Transport + Directions,16,719,246,交差点,こうさてん,kousaten,intersection,Noun,,Common noun,Places/Transport/Directions,Core open list,Noun-like word,199,11328,0.00058386,chriskempson Japanese subtitles word_freq_report.txt,subtitle match: Japanese form,交差点,n,,,,GitHub elzup/jlpt-word-list n5.csv (based on Tanos/Genki),Subtitle corpus POS tags: n,Place/transport/direction anchor
5,Places + Transport + Directions,17,561,289,散歩,さんぽ (する),sampo (suru),"walk, stroll",Noun,Can form する verb,Suru-verbal noun,Places/Transport/Directions,Core open list,Can combine with する,970,3271,0.00284596,chriskempson Japanese subtitles word_freq_report.txt,subtitle match: Japanese form,散歩,"n,vs",,,,GitHub elzup/jlpt-word-list n5.csv (based on Tanos/Genki),"Subtitle corpus POS tags: n,vs",Place/transport/direction anchor
5,Places + Transport + Directions,18,308,299,下,した,shita,"under, below, beneath",Noun,,Spatial noun / adverbial noun,Places/Transport/Directions,Core open list,Under/below; location word,4354,915,0.01277457,chriskempson Japanese subtitles word_freq_report.txt,subtitle match: Japanese form,下,adv,,,,GitHub elzup/jlpt-word-list n5.csv (based on Tanos/Genki),Manual learner override from vocabulary meaning,Place/transport/direction anchor
5,Places + Transport + Directions,19,543,302,自転車,じてんしゃ,jitensha,bicycle,Noun,,Common noun,Places/Transport/Directions,Core open list,Noun-like word,1119,2912,0.00328313,chriskempson Japanese subtitles word_freq_report.txt,subtitle match: Japanese form,自転車,n,,,,GitHub elzup/jlpt-word-list n5.csv (based on Tanos/Genki),Subtitle corpus POS tags: n,Place/transport/direction anchor
5,Places + Transport + Directions,20,684,303,自動車,じどうしゃ,jidousha,automobile,Noun,,Common noun,Places/Transport/Directions,Core open list,Noun-like word,325,7916,0.00095354,chriskempson Japanese subtitles word_freq_report.txt,subtitle match: Japanese form,自動車,n,,,,GitHub elzup/jlpt-word-list n5.csv (based on Tanos/Genki),Subtitle corpus POS tags: n,Place/transport/direction anchor
5,Places + Transport + Directions,21,538,319,上手,じょうず,jouzu,"be good at, skillful",Adjective,,na-adjective,Places/Transport/Directions,Core open list,Can take な before nouns / also noun-like,1138,2868,0.00333887,chriskempson Japanese subtitles word_freq_report.txt,subtitle match: Japanese form,上手,"adj-na,n",,,,GitHub elzup/jlpt-word-list n5.csv (based on Tanos/Genki),"Subtitle corpus POS tags: adj-na,n",Place/transport/direction anchor
5,Places + Transport + Directions,22,197,364,外,そと,soto,"outside, exterior",Noun,,Adverbial noun / no-adjective noun,Places/Transport/Directions,Core open list,Noun-like word,8679,496,0.02546405,chriskempson Japanese subtitles word_freq_report.txt,subtitle match: Japanese form,外,"adj-no,n,n-adv",,,,GitHub elzup/jlpt-word-list n5.csv (based on Tanos/Genki),"Subtitle corpus POS tags: adj-no,n,n-adv",Place/transport/direction anchor
5,Places + Transport + Directions,23,550,382,タクシー,タクシー,takushii,taxi,Noun,,Common noun,Places/Transport/Directions,Core open list,Noun-like word,1034,3100,0.00303374,chriskempson Japanese subtitles word_freq_report.txt,subtitle match: Japanese form,タクシー,n,,,,GitHub elzup/jlpt-word-list n5.csv (based on Tanos/Genki),Subtitle corpus POS tags: n,Place/transport/direction anchor
5,Places + Transport + Directions,24,380,401,近い,ちかい,chikai,"near, close by, short",Adjective,,i-adjective,Places/Transport/Directions,Core open list,Conjugates directly; dictionary form ends in い,2777,1372,0.00814767,chriskempson Japanese subtitles word_freq_report.txt,subtitle match: Japanese form,近い,adj-i,,,,GitHub elzup/jlpt-word-list n5.csv (based on Tanos/Genki),Subtitle corpus POS tags: adj-i,Place/transport/direction anchor
5,Places + Transport + Directions,25,728,404,地下鉄,ちかてつ,chikatetsu,"underground train, subway",Noun,,Common noun,Places/Transport/Directions,Core open list,Noun-like word,172,12512,0.00050465,chriskempson Japanese subtitles word_freq_report.txt,subtitle match: Japanese form,地下鉄,n,,,,GitHub elzup/jlpt-word-list n5.csv (based on Tanos/Genki),Subtitle corpus POS tags: n,Place/transport/direction anchor
5,Places + Transport + Directions,26,599,405,地図,ちず,chizu,a map,Noun,,Common noun,Places/Transport/Directions,Core open list,Noun-like word,726,4154,0.00213007,chriskempson Japanese subtitles word_freq_report.txt,subtitle match: Japanese form,地図,n,,,,GitHub elzup/jlpt-word-list n5.csv (based on Tanos/Genki),Subtitle corpus POS tags: n,Place/transport/direction anchor
5,Places + Transport + Directions,27,474,428,出かける,でかける,dekakeru,to go out; to depart,Verb,Ichidan,Main verb,Places/Transport/Directions,Core open list,Intransitive,1608,2185,0.00471785,chriskempson Japanese subtitles word_freq_report.txt,subtitle match: Japanese form,出かける,"v1,vi",,,,GitHub elzup/jlpt-word-list n5.csv (based on Tanos/Genki),"Subtitle corpus POS tags: v1,vi",Place/transport/direction anchor
5,Places + Transport + Directions,28,652,431,出口,でぐち,deguchi,an exit,Noun,,Common noun,Places/Transport/Directions,Core open list,Noun-like word,474,5890,0.00139071,chriskempson Japanese subtitles word_freq_report.txt,subtitle match: Japanese form,出口,n,,,,GitHub elzup/jlpt-word-list n5.csv (based on Tanos/Genki),Subtitle corpus POS tags: n,Place/transport/direction anchor
5,Places + Transport + Directions,29,529,440,電車,でんしゃ,densha,electric train,Noun,,Common noun,Places/Transport/Directions,Core open list,Noun-like word,1190,2776,0.00349144,chriskempson Japanese subtitles word_freq_report.txt,subtitle match: Japanese form,電車,n,,,,GitHub elzup/jlpt-word-list n5.csv (based on Tanos/Genki),Subtitle corpus POS tags: n,Place/transport/direction anchor
5,Places + Transport + Directions,30,120,458,所,ところ,tokoro,place,Noun,,Common noun,Places/Transport/Directions,Core open list,Noun-like word,15969,256,0.04685279,chriskempson Japanese subtitles word_freq_report.txt,subtitle match: reading form,ところ,"n,suf",,,,GitHub elzup/jlpt-word-list n5.csv (based on Tanos/Genki),"Subtitle corpus POS tags: n,suf",Place/transport/direction anchor
5,Places + Transport + Directions,31,405,468,止まる,とまる,tomaru,to come to a halt,Verb,Godan (-ru ending),Main verb,Places/Transport/Directions,Core open list,Intransitive,2444,1537,0.00717066,chriskempson Japanese subtitles word_freq_report.txt,subtitle match: Japanese form,止まる,"v5r,vi",,,,GitHub elzup/jlpt-word-list n5.csv (based on Tanos/Genki),"Subtitle corpus POS tags: v5r,vi",Place/transport/direction anchor
5,Places + Transport + Directions,32,63,479,中,なか,naka,"inside, middle, among",Noun,,Common noun,Places/Transport/Directions,Core open list,Noun-like word,31982,133,0.09383467,chriskempson Japanese subtitles word_freq_report.txt,subtitle match: Japanese form,中,n,,,,GitHub elzup/jlpt-word-list n5.csv (based on Tanos/Genki),Subtitle corpus POS tags: n,Place/transport/direction anchor
5,Places + Transport + Directions,33,156,490,名前,なまえ,namae,name,Noun,,Common noun,Places/Transport/Directions,Core open list,Noun-like word,12303,355,0.0360968,chriskempson Japanese subtitles word_freq_report.txt,subtitle match: Japanese form,名前,n,,,,GitHub elzup/jlpt-word-list n5.csv (based on Tanos/Genki),Subtitle corpus POS tags: n,Place/transport/direction anchor
5,Places + Transport + Directions,34,553,499,西,にし,nishi,west,Noun,,Common noun,Places/Transport/Directions,Core open list,Noun-like word,1026,3126,0.00301027,chriskempson Japanese subtitles word_freq_report.txt,subtitle match: Japanese form,西,n,,,,GitHub elzup/jlpt-word-list n5.csv (based on Tanos/Genki),Subtitle corpus POS tags: n,Place/transport/direction anchor
5,Places + Transport + Directions,35,194,516,乗る,のる,noru,"to get on, to ride in, to board",Verb,Godan (-ru ending),Main verb,Places/Transport/Directions,Core open list,Intransitive,8727,493,0.02560488,chriskempson Japanese subtitles word_freq_report.txt,subtitle match: Japanese form,乗る,"v5r,vi",,,,GitHub elzup/jlpt-word-list n5.csv (based on Tanos/Genki),"Subtitle corpus POS tags: v5r,vi",Place/transport/direction anchor
5,Places + Transport + Directions,36,727,524,はく,はく,haku,to put on (items below your waist),Verb,Godan (-ku ending),Plain verb,Places/Transport/Directions,Core open list,Transitive,,,0.000525,wordfreq 3.1.1 Japanese best wordlist,wordfreq fallback: Japanese form,はく,Fallback: no subtitle-corpus match for selected candidates,3.72,,,GitHub elzup/jlpt-word-list n5.csv (based on Tanos/Genki),Manual fallback from word/meaning,Place/transport/direction anchor
5,Places + Transport + Directions,37,505,526,橋,はし,hashi,bridge,Noun,,Common noun,Places/Transport/Directions,Core open list,Noun-like word,1374,2487,0.00403129,chriskempson Japanese subtitles word_freq_report.txt,subtitle match: Japanese form,橋,n,,,,GitHub elzup/jlpt-word-list n5.csv (based on Tanos/Genki),Subtitle corpus POS tags: n,Place/transport/direction anchor
5,Places + Transport + Directions,38,324,531,走る,はしる,hashiru,to run,Verb,Godan (-ru ending),Main verb,Places/Transport/Directions,Core open list,Intransitive,3980,995,0.01167726,chriskempson Japanese subtitles word_freq_report.txt,subtitle match: Japanese form,走る,"v5r,vi",,,,GitHub elzup/jlpt-word-list n5.csv (based on Tanos/Genki),"Subtitle corpus POS tags: v5r,vi",Place/transport/direction anchor
5,Places + Transport + Directions,39,313,557,東,ひがし,higashi,east,Noun,,Common noun,Places/Transport/Directions,Core open list,Noun-like word,4264,935,0.01251051,chriskempson Japanese subtitles word_freq_report.txt,subtitle match: Japanese form,東,n,,,,GitHub elzup/jlpt-word-list n5.csv (based on Tanos/Genki),Subtitle corpus POS tags: n,Place/transport/direction anchor
5,Places + Transport + Directions,40,558,562,飛行機,ひこうき,hikouki,airplane,Noun,,Common noun,Places/Transport/Directions,Core open list,Noun-like word,983,3241,0.00288411,chriskempson Japanese subtitles word_freq_report.txt,subtitle match: Japanese form,飛行機,n,,,,GitHub elzup/jlpt-word-list n5.csv (based on Tanos/Genki),Subtitle corpus POS tags: n,Place/transport/direction anchor
5,Places + Transport + Directions,41,443,563,左,ひだり,hidari,left hand side,Noun,,no-adjective noun,Places/Transport/Directions,Core open list,Noun-like word,1981,1846,0.00581222,chriskempson Japanese subtitles word_freq_report.txt,subtitle match: Japanese form,左,"n,adj-no",,,,GitHub elzup/jlpt-word-list n5.csv (based on Tanos/Genki),"Subtitle corpus POS tags: n,adj-no",Place/transport/direction anchor
5,Places + Transport + Directions,42,436,593,下手,へた,heta,"unskillful, poor",Adjective,,na-adjective,Places/Transport/Directions,Core open list,Can take な before nouns / also noun-like,2032,1814,0.00596186,chriskempson Japanese subtitles word_freq_report.txt,subtitle match: Japanese form,下手,"adj-na,n",,,,GitHub elzup/jlpt-word-list n5.csv (based on Tanos/Genki),"Subtitle corpus POS tags: adj-na,n",Place/transport/direction anchor
5,Places + Transport + Directions,43,198,603,外,ほか,hoka,"other, the rest",Noun,,Adverbial noun / no-adjective noun,Places/Transport/Directions,Core open list,Noun-like word,8679,496,0.02546405,chriskempson Japanese subtitles word_freq_report.txt,subtitle match: Japanese form,外,"adj-no,n,n-adv",,,,GitHub elzup/jlpt-word-list n5.csv (based on Tanos/Genki),"Subtitle corpus POS tags: adj-no,n,n-adv",Place/transport/direction anchor
5,Places + Transport + Directions,44,79,621,前,まえ,mae,"before, in front",Noun,,Temporal noun / Adverbial noun,Places/Transport/Directions,Core open list,Noun-like word,25618,164,0.0751628,chriskempson Japanese subtitles word_freq_report.txt,subtitle match: Japanese form,前,"n-adv,n-t,suf",,,,GitHub elzup/jlpt-word-list n5.csv (based on Tanos/Genki),"Subtitle corpus POS tags: n-adv,n-t,suf",Place/transport/direction anchor
5,Places + Transport + Directions,45,297,627,町,まち,machi,town; city,Noun,,Common noun,Places/Transport/Directions,Core open list,Noun-like word,4642,866,0.01361955,chriskempson Japanese subtitles word_freq_report.txt,subtitle match: Japanese form,町,n,,,,GitHub elzup/jlpt-word-list n5.csv (based on Tanos/Genki),Subtitle corpus POS tags: n,Place/transport/direction anchor
5,Places + Transport + Directions,46,438,636,右,みぎ,migi,right hand side,Noun,,Common noun,Places/Transport/Directions,Core open list,Noun-like word,2010,1827,0.00589731,chriskempson Japanese subtitles word_freq_report.txt,subtitle match: Japanese form,右,n,,,,GitHub elzup/jlpt-word-list n5.csv (based on Tanos/Genki),Subtitle corpus POS tags: n,Place/transport/direction anchor
5,Places + Transport + Directions,47,254,641,道,みち,michi,"road, street; way, directions",Noun,,Common noun,Places/Transport/Directions,Core open list,Noun-like word,5494,732,0.01611931,chriskempson Japanese subtitles word_freq_report.txt,subtitle match: Japanese form,道,n,,,,GitHub elzup/jlpt-word-list n5.csv (based on Tanos/Genki),Subtitle corpus POS tags: n,Place/transport/direction anchor
5,Places + Transport + Directions,48,388,646,南,みなみ,minami,South,Noun,,Common noun,Places/Transport/Directions,Core open list,Noun-like word,2649,1434,0.00777212,chriskempson Japanese subtitles word_freq_report.txt,subtitle match: Japanese form,南,n,,,,GitHub elzup/jlpt-word-list n5.csv (based on Tanos/Genki),Subtitle corpus POS tags: n,Place/transport/direction anchor
5,Places + Transport + Directions,49,392,654,村,むら,mura,village,Noun,,Common noun,Places/Transport/Directions,Core open list,Noun-like word,2588,1461,0.00759315,chriskempson Japanese subtitles word_freq_report.txt,subtitle match: Japanese form,村,n,,,,GitHub elzup/jlpt-word-list n5.csv (based on Tanos/Genki),Subtitle corpus POS tags: n,Place/transport/direction anchor
5,Places + Transport + Directions,50,500,702,旅行,りょこう,ryokou,"travel, trip",Noun,Can form する verb,no-adjective noun / Suru-verbal noun,Places/Transport/Directions,Core open list,Can combine with する,1454,2377,0.00426601,chriskempson Japanese subtitles word_freq_report.txt,subtitle match: Japanese form,旅行,"n,vs,adj-no",,,,GitHub elzup/jlpt-word-list n5.csv (based on Tanos/Genki),"Subtitle corpus POS tags: n,vs,adj-no",Place/transport/direction anchor
5,Places + Transport + Directions,51,627,708,廊下,ろうか,rouka,corridor,Noun,,Common noun,Places/Transport/Directions,Core open list,Noun-like word,583,4978,0.00171051,chriskempson Japanese subtitles word_freq_report.txt,subtitle match: Japanese form,廊下,n,,,,GitHub elzup/jlpt-word-list n5.csv (based on Tanos/Genki),Subtitle corpus POS tags: n,Place/transport/direction anchor
5,Places + Transport + Directions,52,541,717,渡る,わたる,wataru,"to cross over, to go across",Verb,Godan (-ru ending),Main verb,Places/Transport/Directions,Core open list,Intransitive,1127,2888,0.0033066,chriskempson Japanese subtitles word_freq_report.txt,subtitle match: Japanese form,渡る,"v5r,vi",,,,GitHub elzup/jlpt-word-list n5.csv (based on Tanos/Genki),"Subtitle corpus POS tags: v5r,vi",Place/transport/direction anchor
5,Places + Transport + Directions,53,691,734,持って行く,もっていく,motteiku,to take something,Verb,Godan (-iku/yuku special),Main verb,Places/Transport/Directions,Supplemental N5 buffer,,279,8843,0.00081858,chriskempson Japanese subtitles word_freq_report.txt,subtitle match: Japanese form,持って行く,"exp,v5k-s",,,,MLC 802-word list / common N5 buffer,"Subtitle corpus POS tags: exp,v5k-s",Place/transport/direction anchor
5,Places + Transport + Directions,54,766,741,旅行会社,りょこうがいしゃ,ryokougaisha,travel agency,Noun,,Common noun,Places/Transport/Directions,Supplemental N5 buffer,Noun-like word,56,24955,0.0001643,chriskempson Japanese subtitles word_freq_report.txt,subtitle match: Japanese form,旅行会社,n,,,,MLC 802-word list / common N5 buffer,Subtitle corpus POS tags: n,Place/transport/direction anchor
5,Places + Transport + Directions,55,411,742,旅行する,りょこうする,ryokousuru,to travel,Verb,Suru verb,Verbal noun + する,Places/Transport/Directions,Supplemental N5 buffer,,,,0.00684,wordfreq 3.1.1 Japanese best wordlist,wordfreq fallback: Japanese form,旅行する,Fallback: no subtitle-corpus match for selected candidates,4.84,,,MLC 802-word list / common N5 buffer,Manual fallback from word/meaning,Place/transport/direction anchor
5,Places + Transport + Directions,56,575,790,散歩する,さんぽする,samposuru,to take a walk,Verb,Suru verb,Verbal noun + する,Places/Transport/Directions,Supplemental N5 buffer,,,,0.00262,wordfreq 3.1.1 Japanese best wordlist,wordfreq fallback: Japanese form,散歩する,Fallback: no subtitle-corpus match for selected candidates,4.42,,,MLC 802-word list / common N5 buffer,Manual fallback from word/meaning,Place/transport/direction anchor
5,Places + Transport + Directions,57,422,143,～階,～かい,~kai,counter for stories (floors) of a building,Counter,,Counter / counting suffix,Numbers/Counters,Core open list,Counter or measure word,2179,1699,0.00639315,chriskempson Japanese subtitles word_freq_report.txt,subtitle match: Japanese form,階,"n,n-suf",,,,GitHub elzup/jlpt-word-list n5.csv (based on Tanos/Genki),"Subtitle corpus POS tags: n,n-suf",Place/transport/direction anchor
5,Places + Transport + Directions,58,174,227,くらい,くらい,kurai,approximate (quantity),Suffix,,Suffix / bound word,Numbers/Counters,Core open list,Attaches to another word or number,10463,418,0.03069827,chriskempson Japanese subtitles word_freq_report.txt,subtitle match: Japanese form,くらい,"suf,prt",,,,GitHub elzup/jlpt-word-list n5.csv (based on Tanos/Genki),"Subtitle corpus POS tags: suf,prt",Place/transport/direction anchor
5,Places + Transport + Directions,59,725,255,九つ,ここのつ,kokonotsu,nine things,Noun,,Numeral,Numbers/Counters,Core open list,Number/quantity word,179,12154,0.00052518,chriskempson Japanese subtitles word_freq_report.txt,subtitle match: Japanese form,九つ,num,,,,GitHub elzup/jlpt-word-list n5.csv (based on Tanos/Genki),Subtitle corpus POS tags: num,Place/transport/direction anchor
5,Places + Transport + Directions,60,229,269,ごろ,ごろ,goro,"about, toward, approximately (time)",Suffix,,Suffix / bound word,Numbers/Counters,Core open list,Attaches to another word or number,6761,618,0.01983666,chriskempson Japanese subtitles word_freq_report.txt,subtitle match: Japanese form,ごろ,"n,n-adv,n-suf",,,,GitHub elzup/jlpt-word-list n5.csv (based on Tanos/Genki),"Subtitle corpus POS tags: n,n-adv,n-suf",Place/transport/direction anchor
5,Places + Transport + Directions,61,191,275,～歳,～さい,~sai,~ years old,Counter,,Counter / counting suffix,Numbers/Counters,Core open list,Counter or measure word,9003,473,0.02641466,chriskempson Japanese subtitles word_freq_report.txt,subtitle match: Japanese form,歳,suf,,,,GitHub elzup/jlpt-word-list n5.csv (based on Tanos/Genki),Subtitle corpus POS tags: suf,Place/transport/direction anchor
5,Places + Transport + Directions,62,1,287,～さん,～さん,~san,"Mr. ~, Ms. ~",Suffix,,Suffix / bound word,Numbers/Counters,Core open list,Attaches to another word or number,229993,16,0.67479574,chriskempson Japanese subtitles word_freq_report.txt,subtitle match: Japanese form,さん,suf,,,,GitHub elzup/jlpt-word-list n5.csv (based on Tanos/Genki),Subtitle corpus POS tags: suf,Place/transport/direction anchor
5,Places + Transport + Directions,63,426,461,どちら,どちら,dochira,which (one) (way); where (polite),Pronoun,,Polite interrogative pronoun,Numbers/Counters,Core open list,Which way / where / which one,2106,1748,0.00617897,chriskempson Japanese subtitles word_freq_report.txt,subtitle match: Japanese form,どちら,n,,,,GitHub elzup/jlpt-word-list n5.csv (based on Tanos/Genki),Manual learner override for N5 demonstrative/location word,Place/transport/direction anchor
5,Places + Transport + Directions,64,80,622,～前,～まえ,~mae,in front of ~,Suffix,,Suffix / bound word,Numbers/Counters,Core open list,Attaches to another word or number,25618,164,0.0751628,chriskempson Japanese subtitles word_freq_report.txt,subtitle match: Japanese form,前,"n-adv,n-t,suf",,,,GitHub elzup/jlpt-word-list n5.csv (based on Tanos/Genki),"Subtitle corpus POS tags: n-adv,n-t,suf",Place/transport/direction anchor
5,Places + Transport + Directions,65,606,656,メートル,メートル,meetoru,meter,Noun,,Common noun,Numbers/Counters,Core open list,Noun-like word,680,4384,0.00199511,chriskempson Japanese subtitles word_freq_report.txt,subtitle match: Japanese form,メートル,n,,,,GitHub elzup/jlpt-word-list n5.csv (based on Tanos/Genki),Subtitle corpus POS tags: n,Place/transport/direction anchor
5,Places + Transport + Directions,66,507,719,～駅,～えき,~eki,... station; suffix after station names,Suffix,,Suffix / bound word,Numbers/Counters,Supplemental N5 buffer,Attaches to another word or number,1370,2491,0.00401956,chriskempson Japanese subtitles word_freq_report.txt,subtitle match: Japanese form,駅,n,,,,MLC 802-word list / common N5 buffer,Subtitle corpus POS tags: n,Place/transport/direction anchor
5,Places + Transport + Directions,67,607,729,～メートル,～メートル,~meetoru,... meter,Counter,,Counter / counting suffix,Numbers/Counters,Supplemental N5 buffer,Counter or measure word,680,4384,0.00199511,chriskempson Japanese subtitles word_freq_report.txt,subtitle match: Japanese form,メートル,n,,,,MLC 802-word list / common N5 buffer,Subtitle corpus POS tags: n,Place/transport/direction anchor
5,Places + Transport + Directions,68,783,746,六本,ろっぽん,roppon,six long objects,Noun,,Common noun,Numbers/Counters,Supplemental N5 buffer,Noun-like word,14,48082,4.108e-05,chriskempson Japanese subtitles word_freq_report.txt,subtitle match: Japanese form,六本,n,,,,MLC 802-word list / common N5 buffer,Subtitle corpus POS tags: n,Place/transport/direction anchor
5,Places + Transport + Directions,69,795,710,ワイシャツ,ワイシャツ,waishatsu,"shirt (lit: white shirt), business shirt",Noun,,Common noun,Home/Objects,Core open list,Noun-like word,3,77470,8.8e-06,chriskempson Japanese subtitles word_freq_report.txt,subtitle match: Japanese form,ワイシャツ,n,,,,GitHub elzup/jlpt-word-list n5.csv (based on Tanos/Genki),Subtitle corpus POS tags: n,Place/transport/direction anchor
5,Places + Transport + Directions,70,207,267,困る,こまる,komaru,"to be bothered, to have difficulty",Verb,Godan (-ru ending),Main verb,Core Verbs/Actions,Core open list,Intransitive,8218,525,0.02411148,chriskempson Japanese subtitles word_freq_report.txt,subtitle match: Japanese form,困る,"v5r,vi",,,,GitHub elzup/jlpt-word-list n5.csv (based on Tanos/Genki),"Subtitle corpus POS tags: v5r,vi",Place/transport/direction anchor
5,Places + Transport + Directions,71,274,474,撮る,とる,toru,"to take (a photo), to make (a film)",Verb,Godan (-ru ending),Main verb,Core Verbs/Actions,Core open list,Transitive,5034,793,0.01476967,chriskempson Japanese subtitles word_freq_report.txt,subtitle match: Japanese form,撮る,"v5r,vt",,,,GitHub elzup/jlpt-word-list n5.csv (based on Tanos/Genki),"Subtitle corpus POS tags: v5r,vt",Place/transport/direction anchor
5,Places + Transport + Directions,72,690,199,切符,きっぷ,kippu,a ticket,Noun,,Common noun,Misc/Bridge,Core open list,Noun-like word,284,8734,0.00083325,chriskempson Japanese subtitles word_freq_report.txt,subtitle match: Japanese form,切符,n,,,,GitHub elzup/jlpt-word-list n5.csv (based on Tanos/Genki),Subtitle corpus POS tags: n,Place/transport/direction anchor
5,Places + Transport + Directions,73,349,232,黒,くろ,kuro,black,Noun,,Color noun,Misc/Bridge,Core open list,Color term,,,0.0102,wordfreq 3.1.1 Japanese best wordlist,wordfreq fallback: Japanese form,黒,Fallback: no subtitle-corpus match for selected candidates,5.01,,,GitHub elzup/jlpt-word-list n5.csv (based on Tanos/Genki),Manual fallback from word/meaning,Place/transport/direction anchor
5,Places + Transport + Directions,74,314,233,黒い,くろい,kuroi,black; dark,Adjective,,i-adjective,Misc/Bridge,Core open list,Conjugates directly; dictionary form ends in い,4249,939,0.0124665,chriskempson Japanese subtitles word_freq_report.txt,subtitle match: Japanese form,黒い,adj-i,,,,GitHub elzup/jlpt-word-list n5.csv (based on Tanos/Genki),Subtitle corpus POS tags: adj-i,Place/transport/direction anchor
5,Places + Transport + Directions,75,475,234,警官,けいかん,keikan,police officer,Noun,,no-adjective noun,Misc/Bridge,Core open list,Noun-like word,1604,2190,0.00470611,chriskempson Japanese subtitles word_freq_report.txt,subtitle match: Japanese form,警官,"n,adj-no",,,,GitHub elzup/jlpt-word-list n5.csv (based on Tanos/Genki),"Subtitle corpus POS tags: n,adj-no",Place/transport/direction anchor
5,Places + Transport + Directions,76,331,236,消す,けす,kesu,"to erase, to delete, to turn off power",Verb,Godan (-su ending),Main verb,Misc/Bridge,Core open list,Transitive,3842,1034,0.01127237,chriskempson Japanese subtitles word_freq_report.txt,subtitle match: Japanese form,消す,"v5s,vt",,,,GitHub elzup/jlpt-word-list n5.csv (based on Tanos/Genki),"Subtitle corpus POS tags: v5s,vt",Place/transport/direction anchor
5,Places + Transport + Directions,77,121,238,結婚,けっこん (する),kekkon (suru),marriage (get married),Noun,Can form する verb,no-adjective noun / Suru-verbal noun,Misc/Bridge,Core open list,Can combine with する,15835,259,0.04645963,chriskempson Japanese subtitles word_freq_report.txt,subtitle match: Japanese form,結婚,"n,adj-no,vs",,,,GitHub elzup/jlpt-word-list n5.csv (based on Tanos/Genki),"Subtitle corpus POS tags: n,adj-no,vs",Place/transport/direction anchor
5,Places + Transport + Directions,78,696,260,コップ,コップ,koppu,a tumbler; a glass,Noun,,Common noun,Misc/Bridge,Core open list,Noun-like word,264,9227,0.00077457,chriskempson Japanese subtitles word_freq_report.txt,subtitle match: Japanese form,コップ,n,,,,GitHub elzup/jlpt-word-list n5.csv (based on Tanos/Genki),Subtitle corpus POS tags: n,Place/transport/direction anchor
5,Places + Transport + Directions,79,57,272,こんな,こんな,konna,"such, like this",Adjective,,pre-noun adjective,Misc/Bridge,Core open list,Used directly before nouns,33224,122,0.09747868,chriskempson Japanese subtitles word_freq_report.txt,subtitle match: Japanese form,こんな,adj-pn,,,,GitHub elzup/jlpt-word-list n5.csv (based on Tanos/Genki),Subtitle corpus POS tags: adj-pn,Place/transport/direction anchor
5,Places + Transport + Directions,80,255,278,先,さき,saki,"future; recent, previous",Noun,,no-adjective noun / Suffix-like noun,Misc/Bridge,Core open list,Noun-like word,5481,734,0.01608117,chriskempson Japanese subtitles word_freq_report.txt,subtitle match: Japanese form,先,"n,adj-no,n-suf,pref",,,,GitHub elzup/jlpt-word-list n5.csv (based on Tanos/Genki),"Subtitle corpus POS tags: n,adj-no,n-suf,pref",Place/transport/direction anchor
5,Places + Transport + Directions,81,455,283,雑誌,ざっし,zasshi,"magazine, journal",Noun,,Common noun,Misc/Bridge,Core open list,Noun-like word,1814,1990,0.00532225,chriskempson Japanese subtitles word_freq_report.txt,subtitle match: Japanese form,雑誌,n,,,,GitHub elzup/jlpt-word-list n5.csv (based on Tanos/Genki),Subtitle corpus POS tags: n,Place/transport/direction anchor
5,Places + Transport + Directions,82,548,350,狭い,せまい,semai,narrow; not spacious,Adjective,,i-adjective,Misc/Bridge,Core open list,Conjugates directly; dictionary form ends in い,1056,3066,0.00309829,chriskempson Japanese subtitles word_freq_report.txt,subtitle match: Japanese form,狭い,adj-i,,,,GitHub elzup/jlpt-word-list n5.csv (based on Tanos/Genki),Subtitle corpus POS tags: adj-i,Place/transport/direction anchor
5,Places + Transport + Directions,83,702,373,大使館,たいしかん,taishikan,embassy,Noun,,Common noun,Misc/Bridge,Core open list,Noun-like word,241,9831,0.00070709,chriskempson Japanese subtitles word_freq_report.txt,subtitle match: Japanese form,大使館,n,,,,GitHub elzup/jlpt-word-list n5.csv (based on Tanos/Genki),Subtitle corpus POS tags: n,Place/transport/direction anchor
5,Places + Transport + Directions,84,588,387,建物,たてもの,tatemono,building,Noun,,Common noun,Misc/Bridge,Core open list,Noun-like word,798,3867,0.00234132,chriskempson Japanese subtitles word_freq_report.txt,subtitle match: Japanese form,建物,n,,,,GitHub elzup/jlpt-word-list n5.csv (based on Tanos/Genki),Subtitle corpus POS tags: n,Place/transport/direction anchor
5,Places + Transport + Directions,85,294,403,近く,ちかく,chikaku,nearby; in the neighborhood,Noun,,Adverbial noun,Misc/Bridge,Core open list,Noun-like word,4680,854,0.01373104,chriskempson Japanese subtitles word_freq_report.txt,subtitle match: Japanese form,近く,"n-adv,n",,,,GitHub elzup/jlpt-word-list n5.csv (based on Tanos/Genki),"Subtitle corpus POS tags: n-adv,n",Place/transport/direction anchor
5,Places + Transport + Directions,86,228,414,疲れる,つかれる,tsukareru,to get (become) tired; to become fatigued,Verb,Ichidan,Main verb,Misc/Bridge,Core open list,Intransitive,6790,614,0.01992175,chriskempson Japanese subtitles word_freq_report.txt,subtitle match: Japanese form,疲れる,"v1,vi",,,,GitHub elzup/jlpt-word-list n5.csv (based on Tanos/Genki),"Subtitle corpus POS tags: v1,vi",Place/transport/direction anchor
5,Places + Transport + Directions,87,432,416,着く,つく,tsuku,"to arrive at, to reach",Verb,Godan (-ku ending),Main verb,Misc/Bridge,Core open list,,2062,1788,0.00604987,chriskempson Japanese subtitles word_freq_report.txt,subtitle match: Japanese form,着く,v5k,,,,GitHub elzup/jlpt-word-list n5.csv (based on Tanos/Genki),Subtitle corpus POS tags: v5k,Place/transport/direction anchor
5,Places + Transport + Directions,88,450,452,遠い,とおい,tooi,"far (away), distant",Adjective,,i-adjective,Misc/Bridge,Core open list,Conjugates directly; dictionary form ends in い,1866,1944,0.00547481,chriskempson Japanese subtitles word_freq_report.txt,subtitle match: Japanese form,遠い,adj-i,,,,GitHub elzup/jlpt-word-list n5.csv (based on Tanos/Genki),Subtitle corpus POS tags: adj-i,Place/transport/direction anchor
5,Places + Transport + Directions,89,665,460,図書館,としょかん,toshokan,library,Noun,,Common noun,Misc/Bridge,Core open list,Noun-like word,414,6527,0.00121467,chriskempson Japanese subtitles word_freq_report.txt,subtitle match: Japanese form,図書館,n,,,,GitHub elzup/jlpt-word-list n5.csv (based on Tanos/Genki),Subtitle corpus POS tags: n,Place/transport/direction anchor
5,Places + Transport + Directions,90,773,494,なる,なる,naru,to become,Verb,Godan (-ru ending),Main verb,Misc/Bridge,Core open list,Intransitive,32,33453,9.389e-05,chriskempson Japanese subtitles word_freq_report.txt,subtitle match: Japanese form,なる,"v5r,vi",,,,GitHub elzup/jlpt-word-list n5.csv (based on Tanos/Genki),"Subtitle corpus POS tags: v5r,vi",Place/transport/direction anchor
5,Places + Transport + Directions,91,770,497,にぎやか,にぎやか,nigiyaka,"bustling, busy",Adjective,,na-adjective,Misc/Bridge,Core open list,Adjectival noun,,,0.000123,wordfreq 3.1.1 Japanese best wordlist,wordfreq fallback: Japanese form,にぎやか,Fallback: no subtitle-corpus match for selected candidates,3.09,,,GitHub elzup/jlpt-word-list n5.csv (based on Tanos/Genki),Manual fallback from word/meaning,Place/transport/direction anchor
5,Places + Transport + Directions,92,566,504,庭,にわ,niwa,garden,Noun,,Common noun,Misc/Bridge,Core open list,Noun-like word,939,3380,0.00275501,chriskempson Japanese subtitles word_freq_report.txt,subtitle match: Japanese form,庭,n,,,,GitHub elzup/jlpt-word-list n5.csv (based on Tanos/Genki),Subtitle corpus POS tags: n,Place/transport/direction anchor
5,Places + Transport + Directions,93,706,523,葉書,はがき,hagaki,postcard,Noun,,Common noun,Misc/Bridge,Core open list,Noun-like word,233,10078,0.00068362,chriskempson Japanese subtitles word_freq_report.txt,subtitle match: Japanese form,葉書,n,,,,GitHub elzup/jlpt-word-list n5.csv (based on Tanos/Genki),Subtitle corpus POS tags: n,Place/transport/direction anchor
5,Places + Transport + Directions,94,292,575,広い,ひろい,hiroi,spacious; wide; broad,Adjective,,i-adjective,Misc/Bridge,Core open list,Conjugates directly; dictionary form ends in い,4685,852,0.01374571,chriskempson Japanese subtitles word_freq_report.txt,subtitle match: Japanese form,広い,adj-i,,,,GitHub elzup/jlpt-word-list n5.csv (based on Tanos/Genki),Subtitle corpus POS tags: adj-i,Place/transport/direction anchor
5,Places + Transport + Directions,95,282,597,辺,へん,hen,"area, vicinity",Noun,,Common noun,Misc/Bridge,Core open list,Noun-like word,4937,808,0.01448508,chriskempson Japanese subtitles word_freq_report.txt,subtitle match: Japanese form,辺,n,,,,GitHub elzup/jlpt-word-list n5.csv (based on Tanos/Genki),Subtitle corpus POS tags: n,Place/transport/direction anchor
5,Places + Transport + Directions,96,316,651,向こう,むこう,mukou,"beyond, over there",Noun,,Common noun,Misc/Bridge,Core open list,Noun-like word,4152,952,0.0121819,chriskempson Japanese subtitles word_freq_report.txt,subtitle match: Japanese form,向こう,n,,,,GitHub elzup/jlpt-word-list n5.csv (based on Tanos/Genki),Subtitle corpus POS tags: n,Place/transport/direction anchor
5,Places + Transport + Directions,97,94,661,持つ,もつ,motsu,"to hold, to carry; to possess",Verb,Godan (-tsu ending),Main verb,Misc/Bridge,Core open list,,21650,192,0.06352075,chriskempson Japanese subtitles word_freq_report.txt,subtitle match: Japanese form,持つ,v5t,,,,GitHub elzup/jlpt-word-list n5.csv (based on Tanos/Genki),Subtitle corpus POS tags: v5t,Place/transport/direction anchor
5,Places + Transport + Directions,98,88,664,門,もん,mon,gate,Noun,,Suffix-like noun,Misc/Bridge,Core open list,Noun-like word,24085,176,0.070665,chriskempson Japanese subtitles word_freq_report.txt,subtitle match: Japanese form,門,"n,n-suf",,,,GitHub elzup/jlpt-word-list n5.csv (based on Tanos/Genki),"Subtitle corpus POS tags: n,n-suf",Place/transport/direction anchor
5,Places + Transport + Directions,99,761,739,矢印,やじるし,yajirushi,arrow sign,Noun,,Common noun,Misc/Bridge,Supplemental N5 buffer,Noun-like word,68,22291,0.00019951,chriskempson Japanese subtitles word_freq_report.txt,subtitle match: Japanese form,矢印,n,,,,MLC 802-word list / common N5 buffer,Subtitle corpus POS tags: n,Place/transport/direction anchor
5,Places + Transport + Directions,100,329,802,どこか,どこか,dokoka,somewhere,Noun,,Common noun,Misc/Bridge,Supplemental N5 buffer,Noun-like word,3886,1021,0.01140146,chriskempson Japanese subtitles word_freq_report.txt,subtitle match: Japanese form,どこか,"exp,n,adv",,,,MLC 802-word list / common N5 buffer,"Subtitle corpus POS tags: exp,n,adv",Place/transport/direction anchor
6,Leisure + Weather + Social Plans,1,353,2,会う,あう,au,"to meet, to see",Verb,Godan (-u ending),Main verb,Leisure/Social,Core open list,Intransitive,3364,1151,0.00986992,chriskempson Japanese subtitles word_freq_report.txt,subtitle match: reading form,あう,"v5u,vi",,,,GitHub elzup/jlpt-word-list n5.csv (based on Tanos/Genki),"Subtitle corpus POS tags: v5u,vi",Leisure/weather/social anchor
6,Leisure + Weather + Social Plans,2,305,79,歌,うた,uta,a song,Noun,,Common noun,Leisure/Social,Core open list,Noun-like word,4407,908,0.01293007,chriskempson Japanese subtitles word_freq_report.txt,subtitle match: Japanese form,歌,n,,,,GitHub elzup/jlpt-word-list n5.csv (based on Tanos/Genki),Subtitle corpus POS tags: n,Leisure/weather/social anchor
6,Leisure + Weather + Social Plans,3,367,80,歌う,うたう,utau,to sing,Verb,Godan (-u ending),Main verb,Leisure/Social,Core open list,Transitive,3029,1264,0.00888704,chriskempson Japanese subtitles word_freq_report.txt,subtitle match: Japanese form,歌う,"v5u,vt",,,,GitHub elzup/jlpt-word-list n5.csv (based on Tanos/Genki),"Subtitle corpus POS tags: v5u,vt",Leisure/weather/social anchor
6,Leisure + Weather + Social Plans,4,340,88,映画,えいが,eiga,"movie, film",Noun,,no-adjective noun,Leisure/Social,Core open list,Noun-like word,3621,1094,0.01062396,chriskempson Japanese subtitles word_freq_report.txt,subtitle match: Japanese form,映画,"n,adj-no",,,,GitHub elzup/jlpt-word-list n5.csv (based on Tanos/Genki),"Subtitle corpus POS tags: n,adj-no",Leisure/weather/social anchor
6,Leisure + Weather + Social Plans,5,729,89,映画館,えいがかん,eigakan,"movie theater, cinema",Noun,,Common noun,Leisure/Social,Core open list,Noun-like word,171,12560,0.00050171,chriskempson Japanese subtitles word_freq_report.txt,subtitle match: Japanese form,映画館,n,,,,GitHub elzup/jlpt-word-list n5.csv (based on Tanos/Genki),Subtitle corpus POS tags: n,Leisure/weather/social anchor
6,Leisure + Weather + Social Plans,6,224,135,面白い,おもしろい,omoshiroi,"interesting, amusing",Adjective,,i-adjective,Leisure/Social,Core open list,Conjugates directly; dictionary form ends in い,7224,587,0.0211951,chriskempson Japanese subtitles word_freq_report.txt,subtitle match: Japanese form,面白い,adj-i,,,,GitHub elzup/jlpt-word-list n5.csv (based on Tanos/Genki),Subtitle corpus POS tags: adj-i,Leisure/weather/social anchor
6,Leisure + Weather + Social Plans,7,591,136,泳ぐ,およぐ,oyogu,to swim,Verb,Godan (-gu ending),Main verb,Leisure/Social,Core open list,Intransitive,785,3927,0.00230318,chriskempson Japanese subtitles word_freq_report.txt,subtitle match: Japanese form,泳ぐ,"v5g,vi",,,,GitHub elzup/jlpt-word-list n5.csv (based on Tanos/Genki),"Subtitle corpus POS tags: v5g,vi",Leisure/weather/social anchor
6,Leisure + Weather + Social Plans,8,374,139,音楽,おんがく,ongaku,Music,Noun,,Common noun,Leisure/Social,Core open list,Noun-like word,2892,1323,0.00848508,chriskempson Japanese subtitles word_freq_report.txt,subtitle match: Japanese form,音楽,n,,,,GitHub elzup/jlpt-word-list n5.csv (based on Tanos/Genki),Subtitle corpus POS tags: n,Leisure/weather/social anchor
6,Leisure + Weather + Social Plans,9,659,340,スポーツ,スポーツ,supootsu,sport(s),Noun,,no-adjective noun,Leisure/Social,Core open list,Noun-like word,425,6380,0.00124694,chriskempson Japanese subtitles word_freq_report.txt,subtitle match: Japanese form,スポーツ,"n,adj-no",,,,GitHub elzup/jlpt-word-list n5.csv (based on Tanos/Genki),"Subtitle corpus POS tags: n,adj-no",Leisure/weather/social anchor
6,Leisure + Weather + Social Plans,10,181,388,楽しい,たのしい,tanoshii,"enjoyable, fun",Adjective,,i-adjective,Leisure/Social,Core open list,Conjugates directly; dictionary form ends in い,9855,441,0.02891441,chriskempson Japanese subtitles word_freq_report.txt,subtitle match: Japanese form,楽しい,adj-i,,,,GitHub elzup/jlpt-word-list n5.csv (based on Tanos/Genki),Subtitle corpus POS tags: adj-i,Leisure/weather/social anchor
6,Leisure + Weather + Social Plans,11,403,518,パーティー,パーティー,paatii,a party,Noun,,Common noun,Leisure/Social,Core open list,Noun-like word,2451,1534,0.00719119,chriskempson Japanese subtitles word_freq_report.txt,subtitle match: Japanese form,パーティー,n,,,,GitHub elzup/jlpt-word-list n5.csv (based on Tanos/Genki),Subtitle corpus POS tags: n,Leisure/weather/social anchor
6,Leisure + Weather + Social Plans,12,565,560,弾く,ひく,hiku,to play (a string instrument or piano),Verb,Godan (-ku ending),Main verb,Leisure/Social,Core open list,,947,3348,0.00277848,chriskempson Japanese subtitles word_freq_report.txt,subtitle match: Japanese form,弾く,v5k,,,,GitHub elzup/jlpt-word-list n5.csv (based on Tanos/Genki),Subtitle corpus POS tags: v5k,Leisure/weather/social anchor
6,Leisure + Weather + Social Plans,13,695,25,厚い,あつい,atsui,"kind, warm(hearted), thick, deep",Adjective,,i-adjective,Adjectives/Adverbs/Abstract,Core open list,Conjugates directly; dictionary form ends in い,265,9195,0.00077751,chriskempson Japanese subtitles word_freq_report.txt,subtitle match: Japanese form,厚い,adj-i,,,,GitHub elzup/jlpt-word-list n5.csv (based on Tanos/Genki),Subtitle corpus POS tags: adj-i,Leisure/weather/social anchor
6,Leisure + Weather + Social Plans,14,666,36,余り,あまり,amari,not very; surplus,Adverb,,Degree adverb,Adjectives/Adverbs/Abstract,Core open list,Often used with negatives,,,0.0012,wordfreq 3.1.1 Japanese best wordlist,wordfreq fallback: Japanese form,余り,Fallback: no subtitle-corpus match for selected candidates,4.08,,,GitHub elzup/jlpt-word-list n5.csv (based on Tanos/Genki),Manual fallback from word/meaning,Leisure/weather/social anchor
6,Leisure + Weather + Social Plans,15,312,51,いくら,いくら,ikura,"how much, how many",Pronoun,,Interrogative numeral pronoun,Adjectives/Adverbs/Abstract,Core open list,How much / how many,4284,925,0.01256919,chriskempson Japanese subtitles word_freq_report.txt,subtitle match: Japanese form,いくら,"adv,n",,,,GitHub elzup/jlpt-word-list n5.csv (based on Tanos/Genki),Manual learner override for N5 interrogative,Leisure/weather/social anchor
6,Leisure + Weather + Social Plans,16,186,75,色々,いろいろ,iroiro,various,Adjective,,na-adjective,Adjectives/Adverbs/Abstract,Core open list,Can take な before nouns / also noun-like / adverbial use,9242,461,0.02711588,chriskempson Japanese subtitles word_freq_report.txt,subtitle match: Japanese form,色々,"n,adj-na,adj-no,adv,adv-to",,,,GitHub elzup/jlpt-word-list n5.csv (based on Tanos/Genki),"Subtitle corpus POS tags: n,adj-na,adj-no,adv,adv-to",Leisure/weather/social anchor
6,Leisure + Weather + Social Plans,17,542,78,薄い,うすい,usui,"thin, weak",Adjective,,i-adjective,Adjectives/Adverbs/Abstract,Core open list,Conjugates directly; dictionary form ends in い,1120,2910,0.00328606,chriskempson Japanese subtitles word_freq_report.txt,subtitle match: Japanese form,薄い,adj-i,,,,GitHub elzup/jlpt-word-list n5.csv (based on Tanos/Genki),Subtitle corpus POS tags: adj-i,Leisure/weather/social anchor
6,Leisure + Weather + Social Plans,18,114,98,多い,おおい,ooi,many; there are a lot,Adjective,,i-adjective,Adjectives/Adverbs/Abstract,Core open list,Conjugates directly; dictionary form ends in い,18193,229,0.05337797,chriskempson Japanese subtitles word_freq_report.txt,subtitle match: Japanese form,多い,adj-i,,,,GitHub elzup/jlpt-word-list n5.csv (based on Tanos/Genki),Subtitle corpus POS tags: adj-i,Leisure/weather/social anchor
6,Leisure + Weather + Social Plans,19,115,125,同じ,おなじ,onaji,"same, identical",Adjective,,pre-noun adjective,Adjectives/Adverbs/Abstract,Core open list,Used directly before nouns,17972,233,0.05272956,chriskempson Japanese subtitles word_freq_report.txt,subtitle match: Japanese form,同じ,"adj-f,n",,,,GitHub elzup/jlpt-word-list n5.csv (based on Tanos/Genki),"Subtitle corpus POS tags: adj-f,n",Leisure/weather/social anchor
6,Leisure + Weather + Social Plans,20,361,134,重い,おもい,omoi,heavy; serious,Adjective,,i-adjective,Adjectives/Adverbs/Abstract,Core open list,Conjugates directly; dictionary form ends in い,3232,1193,0.00948264,chriskempson Japanese subtitles word_freq_report.txt,subtitle match: Japanese form,重い,adj-i,,,,GitHub elzup/jlpt-word-list n5.csv (based on Tanos/Genki),Subtitle corpus POS tags: adj-i,Leisure/weather/social anchor
6,Leisure + Weather + Social Plans,21,435,182,軽い,かるい,karui,"light, non-serious, minor",Adjective,,i-adjective,Adjectives/Adverbs/Abstract,Core open list,Conjugates directly; dictionary form ends in い,2047,1803,0.00600586,chriskempson Japanese subtitles word_freq_report.txt,subtitle match: Japanese form,軽い,adj-i,,,,GitHub elzup/jlpt-word-list n5.csv (based on Tanos/Genki),Subtitle corpus POS tags: adj-i,Leisure/weather/social anchor
6,Leisure + Weather + Social Plans,22,439,196,汚い,きたない,kitanai,"dirty, unclean, filthy",Adjective,,i-adjective,Adjectives/Adverbs/Abstract,Core open list,Conjugates directly; dictionary form ends in い,2003,1834,0.00587677,chriskempson Japanese subtitles word_freq_report.txt,subtitle match: Japanese form,汚い,adj-i,,,,GitHub elzup/jlpt-word-list n5.csv (based on Tanos/Genki),Subtitle corpus POS tags: adj-i,Leisure/weather/social anchor
6,Leisure + Weather + Social Plans,23,487,211,綺麗,きれい,kirei,"pretty, clean, tidy",Adjective,,na-adjective,Adjectives/Adverbs/Abstract,Core open list,Can take な before nouns,1505,2300,0.00441565,chriskempson Japanese subtitles word_freq_report.txt,subtitle match: reading form,きれい,adj-na,,,,GitHub elzup/jlpt-word-list n5.csv (based on Tanos/Genki),Subtitle corpus POS tags: adj-na,Leisure/weather/social anchor
6,Leisure + Weather + Social Plans,24,253,237,結構,けっこう,kekkou,"splendid; enough, tolerably",Adjective,,na-adjective,Adjectives/Adverbs/Abstract,Core open list,Can take な before nouns / also noun-like,5503,731,0.01614571,chriskempson Japanese subtitles word_freq_report.txt,subtitle match: reading form,けっこう,"adj-na,n-adv,n",,,,GitHub elzup/jlpt-word-list n5.csv (based on Tanos/Genki),"Subtitle corpus POS tags: adj-na,n-adv,n",Leisure/weather/social anchor
6,Leisure + Weather + Social Plans,25,408,298,静か,しずか,shizuka,"quiet, calm",Adjective,,na-adjective,Adjectives/Adverbs/Abstract,Core open list,Can take な before nouns,2410,1557,0.0070709,chriskempson Japanese subtitles word_freq_report.txt,subtitle match: Japanese form,静か,adj-na,,,,GitHub elzup/jlpt-word-list n5.csv (based on Tanos/Genki),Subtitle corpus POS tags: adj-na,Leisure/weather/social anchor
6,Leisure + Weather + Social Plans,26,692,320,丈夫,じょうぶ,joubu,"strong, solid, durable",Adjective,,na-adjective,Adjectives/Adverbs/Abstract,Core open list,Can take な before nouns,274,8955,0.00080391,chriskempson Japanese subtitles word_freq_report.txt,subtitle match: Japanese form,丈夫,adj-na,,,,GitHub elzup/jlpt-word-list n5.csv (based on Tanos/Genki),Subtitle corpus POS tags: adj-na,Leisure/weather/social anchor
6,Leisure + Weather + Social Plans,27,463,333,少ない,すくない,sukunai,a little; a few,Adjective,,i-adjective,Adjectives/Adverbs/Abstract,Core open list,Conjugates directly; dictionary form ends in い,1754,2045,0.00514621,chriskempson Japanese subtitles word_freq_report.txt,subtitle match: Japanese form,少ない,adj-i,,,,GitHub elzup/jlpt-word-list n5.csv (based on Tanos/Genki),Subtitle corpus POS tags: adj-i,Leisure/weather/social anchor
6,Leisure + Weather + Social Plans,28,166,335,少し,すこし,sukoshi,"little, few",Noun,,Common noun,Adjectives/Adverbs/Abstract,Core open list,Noun-like word,11063,390,0.03245866,chriskempson Japanese subtitles word_freq_report.txt,subtitle match: Japanese form,少し,"adv,n",,,,GitHub elzup/jlpt-word-list n5.csv (based on Tanos/Genki),"Subtitle corpus POS tags: adv,n",Leisure/weather/social anchor
6,Leisure + Weather + Social Plans,29,307,375,大好き,だいすき,daisuki,"very like-able, like very much",Adjective,,na-adjective,Adjectives/Adverbs/Abstract,Core open list,Can take な before nouns,4369,913,0.01281858,chriskempson Japanese subtitles word_freq_report.txt,subtitle match: Japanese form,大好き,adj-na,,,,GitHub elzup/jlpt-word-list n5.csv (based on Tanos/Genki),Subtitle corpus POS tags: adj-na,Leisure/weather/social anchor
6,Leisure + Weather + Social Plans,30,244,376,大切,たいせつ,taisetsu,important,Adjective,,na-adjective,Adjectives/Adverbs/Abstract,Core open list,Can take な before nouns / also noun-like,5950,688,0.0174572,chriskempson Japanese subtitles word_freq_report.txt,subtitle match: Japanese form,大切,"adj-na,n",,,,GitHub elzup/jlpt-word-list n5.csv (based on Tanos/Genki),"Subtitle corpus POS tags: adj-na,n",Leisure/weather/social anchor
6,Leisure + Weather + Social Plans,31,164,378,大変,たいへん,taihen,"very; difficult, hard",Adjective,,na-adjective / adverb,Adjectives/Adverbs/Abstract,Core open list,Difficult/serious; also “very” as adverb,11137,388,0.03267578,chriskempson Japanese subtitles word_freq_report.txt,subtitle match: Japanese form,大変,adv,,,,GitHub elzup/jlpt-word-list n5.csv (based on Tanos/Genki),Manual learner override from N5 usage,Leisure/weather/social anchor
6,Leisure + Weather + Social Plans,32,276,381,沢山,たくさん,takusan,"many, much",Adjective,,na-adjective,Adjectives/Adverbs/Abstract,Core open list,Can take な before nouns / also noun-like / adverbial use,5022,796,0.01473447,chriskempson Japanese subtitles word_freq_report.txt,subtitle match: reading form,たくさん,"adj-na,adv,n",,,,GitHub elzup/jlpt-word-list n5.csv (based on Tanos/Genki),"Subtitle corpus POS tags: adj-na,adv,n",Leisure/weather/social anchor
6,Leisure + Weather + Social Plans,33,279,391,多分,たぶん,tabun,"perhaps, probably, maybe",Noun,,Common noun,Adjectives/Adverbs/Abstract,Core open list,Noun-like word,5004,799,0.01468165,chriskempson Japanese subtitles word_freq_report.txt,subtitle match: Japanese form,多分,"adv,n",,,,GitHub elzup/jlpt-word-list n5.csv (based on Tanos/Genki),"Subtitle corpus POS tags: adv,n",Leisure/weather/social anchor
6,Leisure + Weather + Social Plans,34,59,402,違う,ちがう,chigau,to be different; to differ; wrong,Verb,Godan (-u ending),Main verb,Adjectives/Adverbs/Abstract,Core open list,Intransitive,32688,125,0.09590606,chriskempson Japanese subtitles word_freq_report.txt,subtitle match: Japanese form,違う,"v5u,vi",,,,GitHub elzup/jlpt-word-list n5.csv (based on Tanos/Genki),"Subtitle corpus POS tags: v5u,vi",Leisure/weather/social anchor
6,Leisure + Weather + Social Plans,35,24,411,ちょっと,ちょっと,chotto,"a little, somewhat; just a little, somewhat",Adverb,,Adverb,Adjectives/Adverbs/Abstract,Core open list,Modifies verbs/adjectives/sentences,75573,52,0.22172996,chriskempson Japanese subtitles word_freq_report.txt,subtitle match: Japanese form,ちょっと,adv,,,,GitHub elzup/jlpt-word-list n5.csv (based on Tanos/Genki),Subtitle corpus POS tags: adv,Leisure/weather/social anchor
6,Leisure + Weather + Social Plans,36,458,419,つける,つける,tsukeru,"to turn on (e.g., a light); to take",Verb,Ichidan,Plain verb,Adjectives/Adverbs/Abstract,Core open list,Transitive,,,0.00525,wordfreq 3.1.1 Japanese best wordlist,wordfreq fallback: Japanese form,つける,Fallback: no subtitle-corpus match for selected candidates,4.72,,,GitHub elzup/jlpt-word-list n5.csv (based on Tanos/Genki),Manual fallback from word/meaning,Leisure/weather/social anchor
6,Leisure + Weather + Social Plans,37,299,423,強い,つよい,tsuyoi,"strong, powerful",Adjective,,i-adjective,Adjectives/Adverbs/Abstract,Core open list,Conjugates directly; dictionary form ends in い,4619,873,0.01355207,chriskempson Japanese subtitles word_freq_report.txt,subtitle match: Japanese form,強い,adj-i,,,,GitHub elzup/jlpt-word-list n5.csv (based on Tanos/Genki),Subtitle corpus POS tags: adj-i,Leisure/weather/social anchor
6,Leisure + Weather + Social Plans,38,581,439,電気,でんき,denki,"electricity, (electric) light",Noun,,Common noun,Adjectives/Adverbs/Abstract,Core open list,Noun-like word,842,3711,0.00247041,chriskempson Japanese subtitles word_freq_report.txt,subtitle match: Japanese form,電気,n,,,,GitHub elzup/jlpt-word-list n5.csv (based on Tanos/Genki),Subtitle corpus POS tags: n,Leisure/weather/social anchor
6,Leisure + Weather + Social Plans,39,321,463,とても,とても,totemo,"very (much), greatly, exceedingly",Adverb,,Adverb,Adjectives/Adverbs/Abstract,Core open list,Modifies verbs/adjectives/sentences,4025,981,0.01180928,chriskempson Japanese subtitles word_freq_report.txt,subtitle match: Japanese form,とても,adv,,,,GitHub elzup/jlpt-word-list n5.csv (based on Tanos/Genki),Subtitle corpus POS tags: adv,Leisure/weather/social anchor
6,Leisure + Weather + Social Plans,40,140,476,どんな,どんな,donna,"what, what kind of",Adjective,,pre-noun adjective,Adjectives/Adverbs/Abstract,Core open list,Used directly before nouns,13462,317,0.03949729,chriskempson Japanese subtitles word_freq_report.txt,subtitle match: Japanese form,どんな,adj-pn,,,,GitHub elzup/jlpt-word-list n5.csv (based on Tanos/Genki),Subtitle corpus POS tags: adj-pn,Leisure/weather/social anchor
6,Leisure + Weather + Social Plans,41,233,480,長い,ながい,nagai,"long, lengthy",Adjective,,i-adjective,Adjectives/Adverbs/Abstract,Core open list,Conjugates directly; dictionary form ends in い,6609,628,0.0193907,chriskempson Japanese subtitles word_freq_report.txt,subtitle match: Japanese form,長い,adj-i,,,,GitHub elzup/jlpt-word-list n5.csv (based on Tanos/Genki),Subtitle corpus POS tags: adj-i,Leisure/weather/social anchor
6,Leisure + Weather + Social Plans,42,152,483,なぜ,なぜ,naze,why (same as どうして),Adverb,,Adverb,Adjectives/Adverbs/Abstract,Core open list,Modifies verbs/adjectives/sentences,12520,348,0.03673348,chriskempson Japanese subtitles word_freq_report.txt,subtitle match: Japanese form,なぜ,adv,,,,GitHub elzup/jlpt-word-list n5.csv (based on Tanos/Genki),Subtitle corpus POS tags: adv,Leisure/weather/social anchor
6,Leisure + Weather + Social Plans,43,462,544,速い,はやい,hayai,"fast, quick",Adjective,,i-adjective,Adjectives/Adverbs/Abstract,Core open list,Conjugates directly; dictionary form ends in い,1766,2032,0.00518142,chriskempson Japanese subtitles word_freq_report.txt,subtitle match: Japanese form,速い,adj-i,,,,GitHub elzup/jlpt-word-list n5.csv (based on Tanos/Genki),Subtitle corpus POS tags: adj-i,Leisure/weather/social anchor
6,Leisure + Weather + Social Plans,44,526,561,低い,ひくい,hikui,"short, low",Adjective,,i-adjective,Adjectives/Adverbs/Abstract,Core open list,Conjugates directly; dictionary form ends in い,1237,2695,0.00362934,chriskempson Japanese subtitles word_freq_report.txt,subtitle match: Japanese form,低い,adj-i,,,,GitHub elzup/jlpt-word-list n5.csv (based on Tanos/Genki),Subtitle corpus POS tags: adj-i,Leisure/weather/social anchor
6,Leisure + Weather + Social Plans,45,203,586,太い,ふとい,futoi,"fat, thick",Adjective,,i-adjective,Adjectives/Adverbs/Abstract,Core open list,Conjugates directly; dictionary form ends in い,8463,513,0.0248303,chriskempson Japanese subtitles word_freq_report.txt,subtitle match: Japanese form,太い,adj-i,,,,GitHub elzup/jlpt-word-list n5.csv (based on Tanos/Genki),Subtitle corpus POS tags: adj-i,Leisure/weather/social anchor
6,Leisure + Weather + Social Plans,46,649,600,便利,べんり,benri,"convenient, handy",Adjective,,na-adjective,Adjectives/Adverbs/Abstract,Core open list,Can take な before nouns,485,5801,0.00142298,chriskempson Japanese subtitles word_freq_report.txt,subtitle match: Japanese form,便利,adj-na,,,,GitHub elzup/jlpt-word-list n5.csv (based on Tanos/Genki),Subtitle corpus POS tags: adj-na,Leisure/weather/social anchor
6,Leisure + Weather + Social Plans,47,633,607,細い,ほそい,hosoi,"thin, slender, fine",Adjective,,i-adjective,Adjectives/Adverbs/Abstract,Core open list,Conjugates directly; dictionary form ends in い,567,5093,0.00166357,chriskempson Japanese subtitles word_freq_report.txt,subtitle match: Japanese form,細い,adj-i,,,,GitHub elzup/jlpt-word-list n5.csv (based on Tanos/Genki),Subtitle corpus POS tags: adj-i,Leisure/weather/social anchor
6,Leisure + Weather + Social Plans,48,540,637,短い,みじかい,mijikai,short (length),Adjective,,i-adjective,Adjectives/Adverbs/Abstract,Core open list,Conjugates directly; dictionary form ends in い,1133,2880,0.0033242,chriskempson Japanese subtitles word_freq_report.txt,subtitle match: Japanese form,短い,adj-i,,,,GitHub elzup/jlpt-word-list n5.csv (based on Tanos/Genki),Subtitle corpus POS tags: adj-i,Leisure/weather/social anchor
6,Leisure + Weather + Social Plans,49,302,652,難しい,むずかしい,muzukashii,difficult,Adjective,,i-adjective,Adjectives/Adverbs/Abstract,Core open list,Conjugates directly; dictionary form ends in い,4491,892,0.01317652,chriskempson Japanese subtitles word_freq_report.txt,subtitle match: Japanese form,難しい,adj-i,,,,GitHub elzup/jlpt-word-list n5.csv (based on Tanos/Genki),Subtitle corpus POS tags: adj-i,Leisure/weather/social anchor
6,Leisure + Weather + Social Plans,50,128,662,もっと,もっと,motto,more,Adverb,,Adverb,Adjectives/Adverbs/Abstract,Core open list,Modifies verbs/adjectives/sentences,15064,272,0.04419753,chriskempson Japanese subtitles word_freq_report.txt,subtitle match: Japanese form,もっと,adv,,,,GitHub elzup/jlpt-word-list n5.csv (based on Tanos/Genki),Subtitle corpus POS tags: adv,Leisure/weather/social anchor
6,Leisure + Weather + Social Plans,51,784,669,易しい,やさしい,yasashii,"easy, plain, simple",Adjective,,i-adjective,Adjectives/Adverbs/Abstract,Core open list,Conjugates directly; dictionary form ends in い,13,49412,3.814e-05,chriskempson Japanese subtitles word_freq_report.txt,subtitle match: Japanese form,易しい,adj-i,,,,GitHub elzup/jlpt-word-list n5.csv (based on Tanos/Genki),Subtitle corpus POS tags: adj-i,Leisure/weather/social anchor
6,Leisure + Weather + Social Plans,52,447,680,有名,ゆうめい,yuumei,famous,Adjective,,na-adjective,Adjectives/Adverbs/Abstract,Core open list,Can take な before nouns,1912,1902,0.00560978,chriskempson Japanese subtitles word_freq_report.txt,subtitle match: Japanese form,有名,adj-na,,,,GitHub elzup/jlpt-word-list n5.csv (based on Tanos/Genki),Subtitle corpus POS tags: adj-na,Leisure/weather/social anchor
6,Leisure + Weather + Social Plans,53,107,685,よく,よく,yoku,"frequently, often (much); well, skillfully",Adverb,,Adverb,Adjectives/Adverbs/Abstract,Core open list,Modifies verbs/adjectives/sentences,19183,219,0.05628261,chriskempson Japanese subtitles word_freq_report.txt,subtitle match: Japanese form,よく,adv,,,,GitHub elzup/jlpt-word-list n5.csv (based on Tanos/Genki),Subtitle corpus POS tags: adv,Leisure/weather/social anchor
6,Leisure + Weather + Social Plans,54,387,692,弱い,よわい,yowai,weak,Adjective,,i-adjective,Adjectives/Adverbs/Abstract,Core open list,Conjugates directly; dictionary form ends in い,2660,1428,0.0078044,chriskempson Japanese subtitles word_freq_report.txt,subtitle match: Japanese form,弱い,adj-i,,,,GitHub elzup/jlpt-word-list n5.csv (based on Tanos/Genki),Subtitle corpus POS tags: adj-i,Leisure/weather/social anchor
6,Leisure + Weather + Social Plans,55,185,733,もちろん,もちろん,mochiron,of course,Adverb,,Adverb,Adjectives/Adverbs/Abstract,Supplemental N5 buffer,Modifies verbs/adjectives/sentences,9284,460,0.02723911,chriskempson Japanese subtitles word_freq_report.txt,subtitle match: Japanese form,もちろん,adv,,,,MLC 802-word list / common N5 buffer,Subtitle corpus POS tags: adv,Leisure/weather/social anchor
6,Leisure + Weather + Social Plans,56,246,738,優しい,やさしい,yasashii,"kind, gentle",Adjective,,i-adjective,Adjectives/Adverbs/Abstract,Supplemental N5 buffer,Conjugates directly; dictionary form ends in い,5829,700,0.01710219,chriskempson Japanese subtitles word_freq_report.txt,subtitle match: Japanese form,優しい,adj-i,,,,MLC 802-word list / common N5 buffer,Subtitle corpus POS tags: adj-i,Leisure/weather/social anchor
6,Leisure + Weather + Social Plans,57,480,791,掃除する,そうじする,soujisuru,to clean,Verb,Suru verb,Verbal noun + する,Adjectives/Adverbs/Abstract,Supplemental N5 buffer,,,,0.00453,wordfreq 3.1.1 Japanese best wordlist,wordfreq fallback: Japanese form,掃除する,Fallback: no subtitle-corpus match for selected candidates,4.66,,,MLC 802-word list / common N5 buffer,Manual fallback from word/meaning,Leisure/weather/social anchor
6,Leisure + Weather + Social Plans,58,206,187,可愛い,かわいい,kawaii,"cute, adorable",Adjective,,i-adjective,Misc/Bridge,Core open list,Descriptive adjective,8249,523,0.02420243,chriskempson Japanese subtitles word_freq_report.txt,subtitle match: Japanese form,可愛い,ateji,,,,GitHub elzup/jlpt-word-list n5.csv (based on Tanos/Genki),Subtitle corpus POS tags: ateji,Leisure/weather/social anchor
6,Leisure + Weather + Social Plans,59,616,195,ギター,ギター,gitaa,guitar,Noun,,Common noun,Misc/Bridge,Core open list,Noun-like word,648,4552,0.00190122,chriskempson Japanese subtitles word_freq_report.txt,subtitle match: Japanese form,ギター,n,,,,GitHub elzup/jlpt-word-list n5.csv (based on Tanos/Genki),Subtitle corpus POS tags: n,Leisure/weather/social anchor
6,Leisure + Weather + Social Plans,60,103,249,声,こえ,koe,voice,Noun,,Common noun,Misc/Bridge,Core open list,Noun-like word,19906,208,0.05840388,chriskempson Japanese subtitles word_freq_report.txt,subtitle match: Japanese form,声,n,,,,GitHub elzup/jlpt-word-list n5.csv (based on Tanos/Genki),Subtitle corpus POS tags: n,Leisure/weather/social anchor
6,Leisure + Weather + Social Plans,61,552,279,咲く,さく,saku,to bloom,Verb,Godan (-ku ending),Main verb,Misc/Bridge,Core open list,Intransitive,1030,3115,0.003022,chriskempson Japanese subtitles word_freq_report.txt,subtitle match: Japanese form,咲く,"v5k,vi",,,,GitHub elzup/jlpt-word-list n5.csv (based on Tanos/Genki),"Subtitle corpus POS tags: v5k,vi",Leisure/weather/social anchor
6,Leisure + Weather + Social Plans,62,137,293,しかし,しかし,shikashi,however; but,Conjunction,,Conjunction,Misc/Bridge,Core open list,Connects clauses or discourse,14179,300,0.04160096,chriskempson Japanese subtitles word_freq_report.txt,subtitle match: Japanese form,しかし,conj,,,,GitHub elzup/jlpt-word-list n5.csv (based on Tanos/Genki),Subtitle corpus POS tags: conj,Leisure/weather/social anchor
6,Leisure + Weather + Social Plans,63,43,306,自分,じぶん,jibun,"myself, oneself",Pronoun,,Pronoun,Misc/Bridge,Core open list,Pronoun / can modify nouns with の,43161,93,0.12663368,chriskempson Japanese subtitles word_freq_report.txt,subtitle match: Japanese form,自分,"pn,adj-no",,,,GitHub elzup/jlpt-word-list n5.csv (based on Tanos/Genki),"Subtitle corpus POS tags: pn,adj-no",Leisure/weather/social anchor
6,Leisure + Weather + Social Plans,64,664,309,締める,しめる,shimeru,"to tie, to fasten, to tighten",Verb,Ichidan,Main verb,Misc/Bridge,Core open list,Transitive,417,6477,0.00122347,chriskempson Japanese subtitles word_freq_report.txt,subtitle match: Japanese form,締める,"v1,vt",,,,GitHub elzup/jlpt-word-list n5.csv (based on Tanos/Genki),"Subtitle corpus POS tags: v1,vt",Leisure/weather/social anchor
6,Leisure + Weather + Social Plans,65,214,311,写真,しゃしん,shashin,a picture; a photograph,Noun,,Common noun,Misc/Bridge,Core open list,Noun-like word,7895,544,0.0231638,chriskempson Japanese subtitles word_freq_report.txt,subtitle match: Japanese form,写真,n,,,,GitHub elzup/jlpt-word-list n5.csv (based on Tanos/Genki),Subtitle corpus POS tags: n,Leisure/weather/social anchor
6,Leisure + Weather + Social Plans,66,333,324,白,しろ,shiro,white,Noun,,Color noun,Misc/Bridge,Core open list,Color term,,,0.011,wordfreq 3.1.1 Japanese best wordlist,wordfreq fallback: Japanese form,白,Fallback: no subtitle-corpus match for selected candidates,5.04,,,GitHub elzup/jlpt-word-list n5.csv (based on Tanos/Genki),Manual fallback from word/meaning,Leisure/weather/social anchor
6,Leisure + Weather + Social Plans,67,248,325,白い,しろい,shiroi,white,Adjective,,i-adjective,Misc/Bridge,Core open list,Conjugates directly; dictionary form ends in い,5794,703,0.0169995,chriskempson Japanese subtitles word_freq_report.txt,subtitle match: Japanese form,白い,adj-i,,,,GitHub elzup/jlpt-word-list n5.csv (based on Tanos/Genki),Subtitle corpus POS tags: adj-i,Leisure/weather/social anchor
6,Leisure + Weather + Social Plans,68,205,334,すぐに,すぐに,suguni,"immediately, soon",Adjective,,na-adjective,Misc/Bridge,Core open list,Can take な before nouns / also noun-like / adverbial use,8368,518,0.02455158,chriskempson Japanese subtitles word_freq_report.txt,subtitle match: Japanese form,すぐに,"adj-na,adv,n",,,,GitHub elzup/jlpt-word-list n5.csv (based on Tanos/Genki),"Subtitle corpus POS tags: adj-na,adv,n",Leisure/weather/social anchor
6,Leisure + Weather + Social Plans,69,693,341,ズボン,ズボン,zubon,trousers,Noun,,Common noun,Misc/Bridge,Core open list,Noun-like word,272,9005,0.00079804,chriskempson Japanese subtitles word_freq_report.txt,subtitle match: Japanese form,ズボン,n,,,,GitHub elzup/jlpt-word-list n5.csv (based on Tanos/Genki),Subtitle corpus POS tags: n,Leisure/weather/social anchor
6,Leisure + Weather + Social Plans,70,298,342,住む,すむ,sumu,"to reside, to live in",Verb,Godan (-mu ending),Main verb,Misc/Bridge,Core open list,Intransitive,4628,871,0.01357848,chriskempson Japanese subtitles word_freq_report.txt,subtitle match: Japanese form,住む,"v5m,vi",,,,GitHub elzup/jlpt-word-list n5.csv (based on Tanos/Genki),"Subtitle corpus POS tags: v5m,vi",Leisure/weather/social anchor
6,Leisure + Weather + Social Plans,71,763,349,背広,せびろ,sebiro,men's suit,Noun,,Common noun,Misc/Bridge,Core open list,Special reading/orthography tag in source,65,22896,0.00019071,chriskempson Japanese subtitles word_freq_report.txt,subtitle match: Japanese form,背広,ateji,,,,GitHub elzup/jlpt-word-list n5.csv (based on Tanos/Genki),Subtitle corpus POS tags: ateji,Leisure/weather/social anchor
6,Leisure + Weather + Social Plans,72,617,356,洗濯,せんたく,sentaku,"washing, laundry",Noun,Can form する verb,Suru-verbal noun,Misc/Bridge,Core open list,Can combine with する,645,4569,0.00189242,chriskempson Japanese subtitles word_freq_report.txt,subtitle match: Japanese form,洗濯,"n,vs",,,,GitHub elzup/jlpt-word-list n5.csv (based on Tanos/Genki),"Subtitle corpus POS tags: n,vs",Leisure/weather/social anchor
6,Leisure + Weather + Social Plans,73,144,357,全部,ぜんぶ,zembu,"all, entire, whole",Noun,,Temporal noun / Adverbial noun / no-adjective noun,Misc/Bridge,Core open list,Noun-like word,13215,324,0.0387726,chriskempson Japanese subtitles word_freq_report.txt,subtitle match: Japanese form,全部,"n-adv,n-t,adj-no",,,,GitHub elzup/jlpt-word-list n5.csv (based on Tanos/Genki),"Subtitle corpus POS tags: n-adv,n-t,adj-no",Leisure/weather/social anchor
6,Leisure + Weather + Social Plans,74,445,359,掃除,そうじ (する),souji (suru),"cleaning, sweeping",Noun,Can form する verb,Suru-verbal noun,Misc/Bridge,Core open list,Can combine with する,1928,1890,0.00565672,chriskempson Japanese subtitles word_freq_report.txt,subtitle match: Japanese form,掃除,"n,vs",,,,GitHub elzup/jlpt-word-list n5.csv (based on Tanos/Genki),"Subtitle corpus POS tags: n,vs",Leisure/weather/social anchor
6,Leisure + Weather + Social Plans,75,126,360,そして,そして,soshite,"and, like that",Conjunction,,Conjunction,Misc/Bridge,Core open list,Connects clauses or discourse,15283,268,0.04484007,chriskempson Japanese subtitles word_freq_report.txt,subtitle match: Japanese form,そして,conj,,,,GitHub elzup/jlpt-word-list n5.csv (based on Tanos/Genki),Subtitle corpus POS tags: conj,Leisure/weather/social anchor
6,Leisure + Weather + Social Plans,76,461,362,そちら,そちら,sochira,over there,Pronoun,,Polite demonstrative pronoun,Misc/Bridge,Core open list,That way / over there,1779,2020,0.00521956,chriskempson Japanese subtitles word_freq_report.txt,subtitle match: Japanese form,そちら,"pn,adj-no",,,,GitHub elzup/jlpt-word-list n5.csv (based on Tanos/Genki),Manual learner override for N5 demonstrative/location word,Leisure/weather/social anchor
6,Leisure + Weather + Social Plans,77,256,363,そっち,そっち,socchi,over there,Pronoun,,Pronoun,Misc/Bridge,Core open list,Pronoun / can modify nouns with の,5400,740,0.01584351,chriskempson Japanese subtitles word_freq_report.txt,subtitle match: Japanese form,そっち,"pn,adj-no",,,,GitHub elzup/jlpt-word-list n5.csv (based on Tanos/Genki),"Subtitle corpus POS tags: pn,adj-no",Leisure/weather/social anchor
6,Leisure + Weather + Social Plans,78,262,369,それから,それから,sorekara,"and then, after that",Expression,,Fixed expression,Misc/Bridge,Core open list,Phrase-like expression,5305,751,0.01556478,chriskempson Japanese subtitles word_freq_report.txt,subtitle match: Japanese form,それから,exp,,,,GitHub elzup/jlpt-word-list n5.csv (based on Tanos/Genki),Subtitle corpus POS tags: exp,Leisure/weather/social anchor
6,Leisure + Weather + Social Plans,79,272,372,大学,だいがく,daigaku,college; university,Noun,,Common noun,Misc/Bridge,Core open list,Noun-like word,5066,790,0.01486356,chriskempson Japanese subtitles word_freq_report.txt,subtitle match: Japanese form,大学,n,,,,GitHub elzup/jlpt-word-list n5.csv (based on Tanos/Genki),Subtitle corpus POS tags: n,Leisure/weather/social anchor
6,Leisure + Weather + Social Plans,80,656,377,台所,だいどころ,daidokoro,kitchen,Noun,,no-adjective noun,Misc/Bridge,Core open list,Noun-like word,445,6183,0.00130562,chriskempson Japanese subtitles word_freq_report.txt,subtitle match: Japanese form,台所,"n,adj-no",,,,GitHub elzup/jlpt-word-list n5.csv (based on Tanos/Genki),"Subtitle corpus POS tags: n,adj-no",Leisure/weather/social anchor
6,Leisure + Weather + Social Plans,81,610,386,たて,たて,tate,"length, height",Noun,,Common noun,Misc/Bridge,Core open list,Measurement noun,,,0.00195,wordfreq 3.1.1 Japanese best wordlist,wordfreq fallback: Japanese form,たて,Fallback: no subtitle-corpus match for selected candidates,4.29,,,GitHub elzup/jlpt-word-list n5.csv (based on Tanos/Genki),Manual fallback from word/meaning,Leisure/weather/social anchor
6,Leisure + Weather + Social Plans,82,82,395,誰,だれ,dare,who,Pronoun,,Pronoun,Misc/Bridge,Core open list,Pronoun / can modify nouns with の,25189,167,0.07390412,chriskempson Japanese subtitles word_freq_report.txt,subtitle match: Japanese form,誰,"pn,adj-no",,,,GitHub elzup/jlpt-word-list n5.csv (based on Tanos/Genki),"Subtitle corpus POS tags: pn,adj-no",Leisure/weather/social anchor
6,Leisure + Weather + Social Plans,83,148,396,誰か,だれか,dareka,someone,Noun,,Common noun,Misc/Bridge,Core open list,Noun-like word,12834,335,0.03765475,chriskempson Japanese subtitles word_freq_report.txt,subtitle match: reading form,だれか,n,,,,GitHub elzup/jlpt-word-list n5.csv (based on Tanos/Genki),Subtitle corpus POS tags: n,Leisure/weather/social anchor
6,Leisure + Weather + Social Plans,84,604,578,プール,プール,puuru,swimming pool,Noun,,Common noun,Misc/Bridge,Core open list,Noun-like word,689,4329,0.00202151,chriskempson Japanese subtitles word_freq_report.txt,subtitle match: Japanese form,プール,n,,,,GitHub elzup/jlpt-word-list n5.csv (based on Tanos/Genki),Subtitle corpus POS tags: n,Leisure/weather/social anchor
6,Leisure + Weather + Social Plans,85,562,595,ペット,ペット,petto,pet,Noun,,Common noun,Misc/Bridge,Core open list,Loanword noun,,,0.00282,wordfreq 3.1.1 Japanese best wordlist,wordfreq fallback: Japanese form,ペット,Fallback: no subtitle-corpus match for selected candidates,4.45,,,GitHub elzup/jlpt-word-list n5.csv (based on Tanos/Genki),Manual fallback from word/meaning,Leisure/weather/social anchor
6,Leisure + Weather + Social Plans,86,163,640,見せる,みせる,miseru,"to show, to display",Verb,Ichidan,Main verb,Misc/Bridge,Core open list,Transitive,11294,385,0.03313641,chriskempson Japanese subtitles word_freq_report.txt,subtitle match: Japanese form,見せる,"v1,vt",,,,GitHub elzup/jlpt-word-list n5.csv (based on Tanos/Genki),"Subtitle corpus POS tags: v1,vt",Leisure/weather/social anchor
6,Leisure + Weather + Social Plans,87,779,698,りっぱ,りっぱ,rippa,"splendid, fine",Adjective,,na-adjective,Misc/Bridge,Core open list,Adjectival noun,,,8.13e-05,wordfreq 3.1.1 Japanese best wordlist,wordfreq fallback: Japanese form,りっぱ,Fallback: no subtitle-corpus match for selected candidates,2.91,,,GitHub elzup/jlpt-word-list n5.csv (based on Tanos/Genki),Manual fallback from word/meaning,Leisure/weather/social anchor
6,Leisure + Weather + Social Plans,88,236,711,若い,わかい,wakai,young,Adjective,,i-adjective,Misc/Bridge,Core open list,Conjugates directly; dictionary form ends in い,6537,635,0.01917945,chriskempson Japanese subtitles word_freq_report.txt,subtitle match: Japanese form,若い,adj-i,,,,GitHub elzup/jlpt-word-list n5.csv (based on Tanos/Genki),Subtitle corpus POS tags: adj-i,Leisure/weather/social anchor
6,Leisure + Weather + Social Plans,89,64,315,～中,～じゅう,~juu,"during, while",Suffix,,Suffix / bound word,Numbers/Counters,Core open list,Attaches to another word or number,31982,133,0.09383467,chriskempson Japanese subtitles word_freq_report.txt,subtitle match: Japanese form,中,n,,,,GitHub elzup/jlpt-word-list n5.csv (based on Tanos/Genki),Subtitle corpus POS tags: n,Leisure/weather/social anchor
6,Leisure + Weather + Social Plans,90,334,316,～週間,～しゅうかん,~shuukan,~ weeks,Counter,,Counter / counting suffix,Numbers/Counters,Core open list,Counter or measure word,3721,1067,0.01091735,chriskempson Japanese subtitles word_freq_report.txt,subtitle match: Japanese form,週間,n,,,,GitHub elzup/jlpt-word-list n5.csv (based on Tanos/Genki),Subtitle corpus POS tags: n,Leisure/weather/social anchor
6,Leisure + Weather + Social Plans,91,8,326,～人,～じん,~jin,counter for people,Counter,,People counter suffix,Numbers/Counters,Core open list,Counter/function word,,,0.363,wordfreq 3.1.1 Japanese best wordlist,wordfreq fallback: Japanese form,人,Fallback: no subtitle-corpus match for selected candidates,6.56,,,GitHub elzup/jlpt-word-list n5.csv (based on Tanos/Genki),Manual fallback from word/meaning,Leisure/weather/social anchor
6,Leisure + Weather + Social Plans,92,786,332,～すぎ,～すぎ,~sugi,"past; to exceed, ~ too much",Suffix,,Suffix / bound word,Numbers/Counters,Core open list,Attaches to another word or number,10,54343,2.934e-05,chriskempson Japanese subtitles word_freq_report.txt,subtitle match: Japanese form,すぎ,n,,,,GitHub elzup/jlpt-word-list n5.csv (based on Tanos/Genki),Subtitle corpus POS tags: n,Leisure/weather/social anchor
6,Leisure + Weather + Social Plans,93,532,337,～ずつ,～ずつ,~zutsu,at a time,Suffix,,Suffix / bound word,Numbers/Counters,Core open list,Attaches to another word or number,1180,2798,0.0034621,chriskempson Japanese subtitles word_freq_report.txt,subtitle match: Japanese form,ずつ,suf,,,,GitHub elzup/jlpt-word-list n5.csv (based on Tanos/Genki),Subtitle corpus POS tags: suf,Leisure/weather/social anchor
6,Leisure + Weather + Social Plans,94,122,345,背,せい,sei,"(one's) height, stature",Noun,,Common noun,Numbers/Counters,Core open list,Noun-like word,15743,261,0.04618971,chriskempson Japanese subtitles word_freq_report.txt,subtitle match: Japanese form,背,n,,,,GitHub elzup/jlpt-word-list n5.csv (based on Tanos/Genki),Subtitle corpus POS tags: n,Leisure/weather/social anchor
6,Leisure + Weather + Social Plans,95,484,371,～台,～だい,~dai,counter for vehicles; machines,Counter,,Counter / counting suffix,Numbers/Counters,Core open list,Counter or measure word,1512,2290,0.00443618,chriskempson Japanese subtitles word_freq_report.txt,subtitle match: Japanese form,台,"n,n-suf",,,,GitHub elzup/jlpt-word-list n5.csv (based on Tanos/Genki),"Subtitle corpus POS tags: n,n-suf",Leisure/weather/social anchor
6,Leisure + Weather + Social Plans,96,36,380,～だけ,～だけ,~dake,"only ~, just ~, as ~",Particle,,Particle,Numbers/Counters,Core open list,Limiting particle/suffix,57272,73,0.16803512,chriskempson Japanese subtitles word_freq_report.txt,subtitle match: Japanese form,だけ,prt,,,,GitHub elzup/jlpt-word-list n5.csv (based on Tanos/Genki),Subtitle corpus POS tags: prt,Leisure/weather/social anchor
6,Leisure + Weather + Social Plans,97,102,384,～たち,～たち,~tachi,plural suffix,Suffix,,Plural suffix,Numbers/Counters,Core open list,Suffix/function word,,,0.0589,wordfreq 3.1.1 Japanese best wordlist,wordfreq fallback: Japanese form,たち,Fallback: no subtitle-corpus match for selected candidates,5.77,,,GitHub elzup/jlpt-word-list n5.csv (based on Tanos/Genki),Manual fallback from word/meaning,Leisure/weather/social anchor
6,Leisure + Weather + Social Plans,98,41,323,知る,しる,shiru,"to know, to understand",Verb,Godan (-ru ending),Main verb,Core Verbs/Actions,Core open list,Transitive,45856,89,0.13454076,chriskempson Japanese subtitles word_freq_report.txt,subtitle match: Japanese form,知る,"v5r,vt",,,,GitHub elzup/jlpt-word-list n5.csv (based on Tanos/Genki),"Subtitle corpus POS tags: v5r,vt",Leisure/weather/social anchor
6,Leisure + Weather + Social Plans,99,285,344,座る,すわる,suwaru,to sit,Verb,Godan (-ru ending),Main verb,Core Verbs/Actions,Core open list,Intransitive,4834,824,0.01418288,chriskempson Japanese subtitles word_freq_report.txt,subtitle match: Japanese form,座る,"v5r,vi",,,,GitHub elzup/jlpt-word-list n5.csv (based on Tanos/Genki),"Subtitle corpus POS tags: v5r,vi",Leisure/weather/social anchor
6,Leisure + Weather + Social Plans,100,52,385,立つ,たつ,tatsu,to stand up,Verb,Godan (-tsu ending),Main verb,Core Verbs/Actions,Core open list,Intransitive,34732,118,0.10190313,chriskempson Japanese subtitles word_freq_report.txt,subtitle match: Japanese form,立つ,"v5t,vi",,,,GitHub elzup/jlpt-word-list n5.csv (based on Tanos/Genki),"Subtitle corpus POS tags: v5t,vi",Leisure/weather/social anchor
7,Health + Services + Problems,1,508,7,明るい,あかるい,akarui,bright (in reference to personality or weather); cheerful,Adjective,,i-adjective,Weather/Nature/Health,Core open list,Conjugates directly; dictionary form ends in い,1356,2508,0.00397848,chriskempson Japanese subtitles word_freq_report.txt,subtitle match: Japanese form,明るい,adj-i,,,,GitHub elzup/jlpt-word-list n5.csv (based on Tanos/Genki),Subtitle corpus POS tags: adj-i,Health/service/problem anchor
7,Health + Services + Problems,2,268,15,足,あし,ashi,foot; leg,Noun,,Common noun,Weather/Nature/Health,Core open list,Noun-like word,5246,768,0.01539168,chriskempson Japanese subtitles word_freq_report.txt,subtitle match: Japanese form,足,n,,,,GitHub elzup/jlpt-word-list n5.csv (based on Tanos/Genki),Subtitle corpus POS tags: n,Health/service/problem anchor
7,Health + Services + Problems,3,486,19,暖かい,あたたかい,atatakai,warm,Adjective,,i-adjective,Weather/Nature/Health,Core open list,Conjugates directly; dictionary form ends in い,1509,2296,0.00442738,chriskempson Japanese subtitles word_freq_report.txt,subtitle match: Japanese form,暖かい,adj-i,,,,GitHub elzup/jlpt-word-list n5.csv (based on Tanos/Genki),Subtitle corpus POS tags: adj-i,Health/service/problem anchor
7,Health + Services + Problems,4,204,20,頭,あたま,atama,head,Noun,,Common noun,Weather/Nature/Health,Core open list,Body-part noun; can also be a counter in other contexts,8413,515,0.02468361,chriskempson Japanese subtitles word_freq_report.txt,subtitle match: Japanese form,頭,ctr,,,,GitHub elzup/jlpt-word-list n5.csv (based on Tanos/Genki),Manual learner override from vocabulary meaning,Health/service/problem anchor
7,Health + Services + Problems,5,535,23,暑い,あつい,atsui,"hot (in reference to weather), warm",Adjective,,i-adjective,Weather/Nature/Health,Core open list,Conjugates directly; dictionary form ends in い,1172,2814,0.00343863,chriskempson Japanese subtitles word_freq_report.txt,subtitle match: Japanese form,暑い,adj-i,,,,GitHub elzup/jlpt-word-list n5.csv (based on Tanos/Genki),Subtitle corpus POS tags: adj-i,Health/service/problem anchor
7,Health + Services + Problems,6,301,24,熱い,あつい,atsui,hot (objects),Adjective,,i-adjective,Weather/Nature/Health,Core open list,Conjugates directly; dictionary form ends in い,4531,885,0.01329388,chriskempson Japanese subtitles word_freq_report.txt,subtitle match: Japanese form,熱い,adj-i,,,,GitHub elzup/jlpt-word-list n5.csv (based on Tanos/Genki),Subtitle corpus POS tags: adj-i,Health/service/problem anchor
7,Health + Services + Problems,7,391,37,雨,あめ,ame,rain,Noun,,Common noun,Weather/Nature/Health,Core open list,Noun-like word,2616,1446,0.0076753,chriskempson Japanese subtitles word_freq_report.txt,subtitle match: Japanese form,雨,n,,,,GitHub elzup/jlpt-word-list n5.csv (based on Tanos/Genki),Subtitle corpus POS tags: n,Health/service/problem anchor
7,Health + Services + Problems,8,129,56,痛い,いたい,itai,hurt; painful; sore,Adjective,,i-adjective,Weather/Nature/Health,Core open list,Conjugates directly; dictionary form ends in い,14909,274,0.04374276,chriskempson Japanese subtitles word_freq_report.txt,subtitle match: Japanese form,痛い,adj-i,,,,GitHub elzup/jlpt-word-list n5.csv (based on Tanos/Genki),Subtitle corpus POS tags: adj-i,Health/service/problem anchor
7,Health + Services + Problems,9,330,65,犬,いぬ,inu,dog,Noun,,Common noun,Weather/Nature/Health,Core open list,Noun-like word,3866,1025,0.01134278,chriskempson Japanese subtitles word_freq_report.txt,subtitle match: Japanese form,犬,n,,,,GitHub elzup/jlpt-word-list n5.csv (based on Tanos/Genki),Subtitle corpus POS tags: n,Health/service/problem anchor
7,Health + Services + Problems,10,295,83,海,うみ,umi,"sea, beach",Noun,,Common noun,Weather/Nature/Health,Core open list,Noun-like word,4657,861,0.01366356,chriskempson Japanese subtitles word_freq_report.txt,subtitle match: Japanese form,海,n,,,,GitHub elzup/jlpt-word-list n5.csv (based on Tanos/Genki),Subtitle corpus POS tags: n,Health/service/problem anchor
7,Health + Services + Problems,11,306,124,お腹,おなか,onaka,stomach,Noun,,Common noun,Weather/Nature/Health,Core open list,Noun-like word,4376,911,0.01283911,chriskempson Japanese subtitles word_freq_report.txt,subtitle match: Japanese form,お腹,n,,,,GitHub elzup/jlpt-word-list n5.csv (based on Tanos/Genki),Subtitle corpus POS tags: n,Health/service/problem anchor
7,Health + Services + Problems,12,119,152,顔,かお,kao,face (body part),Noun,,Common noun,Weather/Nature/Health,Core open list,Noun-like word,16823,247,0.04935841,chriskempson Japanese subtitles word_freq_report.txt,subtitle match: Japanese form,顔,n,,,,GitHub elzup/jlpt-word-list n5.csv (based on Tanos/Genki),Subtitle corpus POS tags: n,Health/service/problem anchor
7,Health + Services + Problems,13,267,162,風,かぜ,kaze,"wind, breeze",Adjective,,na-adjective,Weather/Nature/Health,Core open list,Can take な before nouns / also noun-like,5265,765,0.01544742,chriskempson Japanese subtitles word_freq_report.txt,subtitle match: Japanese form,風,"adj-na,n,n-suf",,,,GitHub elzup/jlpt-word-list n5.csv (based on Tanos/Genki),"Subtitle corpus POS tags: adj-na,n,n-suf",Health/service/problem anchor
7,Health + Services + Problems,14,551,163,風邪,かぜ,kaze,"cold, flu",Noun,,Common noun,Weather/Nature/Health,Core open list,Noun-like word,1031,3112,0.00302494,chriskempson Japanese subtitles word_freq_report.txt,subtitle match: Japanese form,風邪,n,,,,GitHub elzup/jlpt-word-list n5.csv (based on Tanos/Genki),Subtitle corpus POS tags: n,Health/service/problem anchor
7,Health + Services + Problems,15,709,173,花瓶,かびん,kabin,(flower) vase,Noun,,Common noun,Weather/Nature/Health,Core open list,Noun-like word,227,10256,0.00066601,chriskempson Japanese subtitles word_freq_report.txt,subtitle match: Japanese form,花瓶,n,,,,GitHub elzup/jlpt-word-list n5.csv (based on Tanos/Genki),Subtitle corpus POS tags: n,Health/service/problem anchor
7,Health + Services + Problems,16,146,179,体,からだ,karada,body; health,Noun,,no-adjective noun,Weather/Nature/Health,Core open list,Noun-like word,12861,332,0.03773397,chriskempson Japanese subtitles word_freq_report.txt,subtitle match: Japanese form,体,"n,adj-no",,,,GitHub elzup/jlpt-word-list n5.csv (based on Tanos/Genki),"Subtitle corpus POS tags: n,adj-no",Health/service/problem anchor
7,Health + Services + Problems,17,496,185,川,かわ,kawa,river,Noun,,Common noun,Weather/Nature/Health,Core open list,Noun-like word,1457,2367,0.00427481,chriskempson Japanese subtitles word_freq_report.txt,subtitle match: Japanese form,川,n,,,,GitHub elzup/jlpt-word-list n5.csv (based on Tanos/Genki),Subtitle corpus POS tags: n,Health/service/problem anchor
7,Health + Services + Problems,18,283,189,木,き,ki,"tree, wood, timber",Noun,,Common noun,Weather/Nature/Health,Core open list,Noun-like word,4896,812,0.01436478,chriskempson Japanese subtitles word_freq_report.txt,subtitle match: Japanese form,木,n,,,,GitHub elzup/jlpt-word-list n5.csv (based on Tanos/Genki),Subtitle corpus POS tags: n,Health/service/problem anchor
7,Health + Services + Problems,19,670,198,切手,きって,kitte,postal (postage) stamps,Noun,,Common noun,Weather/Nature/Health,Core open list,Noun-like word,394,6776,0.00115599,chriskempson Japanese subtitles word_freq_report.txt,subtitle match: Japanese form,切手,n,,,,GitHub elzup/jlpt-word-list n5.csv (based on Tanos/Genki),Subtitle corpus POS tags: n,Health/service/problem anchor
7,Health + Services + Problems,20,357,217,薬,くすり,kusuri,medicine,Noun,,Common noun,Weather/Nature/Health,Core open list,Noun-like word,3299,1170,0.00967921,chriskempson Japanese subtitles word_freq_report.txt,subtitle match: Japanese form,薬,n,,,,GitHub elzup/jlpt-word-list n5.csv (based on Tanos/Genki),Subtitle corpus POS tags: n,Health/service/problem anchor
7,Health + Services + Problems,21,288,220,口,くち,kuchi,job opening; mouth,Noun,,Common noun,Weather/Nature/Health,Core open list,Noun-like word,4728,842,0.01387188,chriskempson Japanese subtitles word_freq_report.txt,subtitle match: Japanese form,口,n,,,,GitHub elzup/jlpt-word-list n5.csv (based on Tanos/Genki),Subtitle corpus POS tags: n,Health/service/problem anchor
7,Health + Services + Problems,22,716,224,曇り,くもり,kumori,"cloudiness, cloudy weather",Noun,,Weather noun,Weather/Nature/Health,Core open list,Weather term,,,0.000617,wordfreq 3.1.1 Japanese best wordlist,wordfreq fallback: Japanese form,曇り,Fallback: no subtitle-corpus match for selected candidates,3.79,,,GitHub elzup/jlpt-word-list n5.csv (based on Tanos/Genki),Manual fallback from word/meaning,Health/service/problem anchor
7,Health + Services + Problems,23,199,241,元気,げんき,genki,"health(y), energetic",Adjective,,na-adjective,Weather/Nature/Health,Core open list,Can take な before nouns / also noun-like,8658,500,0.02540243,chriskempson Japanese subtitles word_freq_report.txt,subtitle match: Japanese form,元気,"adj-na,n",,,,GitHub elzup/jlpt-word-list n5.csv (based on Tanos/Genki),"Subtitle corpus POS tags: adj-na,n",Health/service/problem anchor
7,Health + Services + Problems,24,370,285,寒い,さむい,samui,cold (in reference to weather),Adjective,,i-adjective,Weather/Nature/Health,Core open list,Conjugates directly; dictionary form ends in い,2980,1283,0.00874327,chriskempson Japanese subtitles word_freq_report.txt,subtitle match: Japanese form,寒い,adj-i,,,,GitHub elzup/jlpt-word-list n5.csv (based on Tanos/Genki),Subtitle corpus POS tags: adj-i,Health/service/problem anchor
7,Health + Services + Problems,25,717,336,涼しい,すずしい,suzushii,"cool, refreshing (in reference to weather)",Adjective,,i-adjective,Weather/Nature/Health,Core open list,Conjugates directly; dictionary form ends in い,208,10966,0.00061027,chriskempson Japanese subtitles word_freq_report.txt,subtitle match: Japanese form,涼しい,adj-i,,,,GitHub elzup/jlpt-word-list n5.csv (based on Tanos/Genki),Subtitle corpus POS tags: adj-i,Health/service/problem anchor
7,Health + Services + Problems,26,258,367,空,そら,sora,sky,Noun,,Common noun,Weather/Nature/Health,Core open list,Noun-like word,5384,742,0.01579657,chriskempson Japanese subtitles word_freq_report.txt,subtitle match: Japanese form,空,n,,,,GitHub elzup/jlpt-word-list n5.csv (based on Tanos/Genki),Subtitle corpus POS tags: n,Health/service/problem anchor
7,Health + Services + Problems,27,66,383,出す,だす,dasu,to take (something) out; to hand in (something),Verb,Godan (-su ending),Main verb,Weather/Nature/Health,Core open list,Transitive,31491,136,0.09239408,chriskempson Japanese subtitles word_freq_report.txt,subtitle match: Japanese form,出す,"v5s,vt",,,,GitHub elzup/jlpt-word-list n5.csv (based on Tanos/Genki),"Subtitle corpus POS tags: v5s,vt",Health/service/problem anchor
7,Health + Services + Problems,28,151,424,手,て,te,hand,Noun,,Common noun,Weather/Nature/Health,Core open list,Noun-like word,12633,342,0.03706502,chriskempson Japanese subtitles word_freq_report.txt,subtitle match: Japanese form,手,n,,,,GitHub elzup/jlpt-word-list n5.csv (based on Tanos/Genki),Subtitle corpus POS tags: n,Health/service/problem anchor
7,Health + Services + Problems,29,671,438,天気,てんき,tenki,weather,Noun,,Common noun,Weather/Nature/Health,Core open list,Noun-like word,376,7034,0.00110318,chriskempson Japanese subtitles word_freq_report.txt,subtitle match: Japanese form,天気,n,,,,GitHub elzup/jlpt-word-list n5.csv (based on Tanos/Genki),Subtitle corpus POS tags: n,Health/service/problem anchor
7,Health + Services + Problems,30,499,449,動物,どうぶつ,doubutsu,animal,Noun,,Common noun,Weather/Nature/Health,Core open list,Noun-like word,1455,2375,0.00426895,chriskempson Japanese subtitles word_freq_report.txt,subtitle match: Japanese form,動物,n,,,,GitHub elzup/jlpt-word-list n5.csv (based on Tanos/Genki),Subtitle corpus POS tags: n,Health/service/problem anchor
7,Health + Services + Problems,31,491,471,鳥,とり,tori,"chicken (lit., bird)",Noun,,Common noun,Weather/Nature/Health,Core open list,Noun-like word,1481,2337,0.00434523,chriskempson Japanese subtitles word_freq_report.txt,subtitle match: Japanese form,鳥,n,,,,GitHub elzup/jlpt-word-list n5.csv (based on Tanos/Genki),Subtitle corpus POS tags: n,Health/service/problem anchor
7,Health + Services + Problems,32,161,481,鳴く,なく,naku,to make sound (animal),Verb,Godan (-ku ending),Main verb,Weather/Nature/Health,Core open list,,11959,365,0.03508751,chriskempson Japanese subtitles word_freq_report.txt,subtitle match: Japanese form,鳴く,v5k,,,,GitHub elzup/jlpt-word-list n5.csv (based on Tanos/Genki),Subtitle corpus POS tags: v5k,Health/service/problem anchor
7,Health + Services + Problems,33,396,509,猫,ねこ,neko,cat,Noun,,Common noun,Weather/Nature/Health,Core open list,Noun-like word,2499,1506,0.00733203,chriskempson Japanese subtitles word_freq_report.txt,subtitle match: reading form,ねこ,n,,,,GitHub elzup/jlpt-word-list n5.csv (based on Tanos/Genki),Subtitle corpus POS tags: n,Health/service/problem anchor
7,Health + Services + Problems,34,293,538,花,はな,hana,flower,Noun,,Common noun,Weather/Nature/Health,Core open list,Noun-like word,4680,854,0.01373104,chriskempson Japanese subtitles word_freq_report.txt,subtitle match: Japanese form,花,n,,,,GitHub elzup/jlpt-word-list n5.csv (based on Tanos/Genki),Subtitle corpus POS tags: n,Health/service/problem anchor
7,Health + Services + Problems,35,623,547,晴れ,はれ,hare,clear (sunny) weather,Noun,,Weather noun,Weather/Nature/Health,Core open list,Weather term,,,0.00174,wordfreq 3.1.1 Japanese best wordlist,wordfreq fallback: Japanese form,晴れ,Fallback: no subtitle-corpus match for selected candidates,4.24,,,GitHub elzup/jlpt-word-list n5.csv (based on Tanos/Genki),Manual fallback from word/meaning,Health/service/problem anchor
7,Health + Services + Problems,36,184,570,病院,びょういん,byouin,hospital,Noun,,no-adjective noun,Weather/Nature/Health,Core open list,Noun-like word,9426,455,0.02765573,chriskempson Japanese subtitles word_freq_report.txt,subtitle match: Japanese form,病院,"n,adj-no",,,,GitHub elzup/jlpt-word-list n5.csv (based on Tanos/Genki),"Subtitle corpus POS tags: n,adj-no",Health/service/problem anchor
7,Health + Services + Problems,37,339,571,病気,びょうき,byouki,illness; sickness,Noun,,no-adjective noun,Weather/Nature/Health,Core open list,Noun-like word,3637,1089,0.0106709,chriskempson Japanese subtitles word_freq_report.txt,subtitle match: Japanese form,病気,"n,adj-no",,,,GitHub elzup/jlpt-word-list n5.csv (based on Tanos/Genki),"Subtitle corpus POS tags: n,adj-no",Health/service/problem anchor
7,Health + Services + Problems,38,518,580,吹く,ふく,fuku,"to blow (wind, etc.)",Verb,Godan (-ku ending),Main verb,Weather/Nature/Health,Core open list,,1306,2584,0.00383178,chriskempson Japanese subtitles word_freq_report.txt,subtitle match: Japanese form,吹く,v5k,,,,GitHub elzup/jlpt-word-list n5.csv (based on Tanos/Genki),Subtitle corpus POS tags: v5k,Health/service/problem anchor
7,Health + Services + Problems,39,501,588,降る,ふる,furu,"to precipitate, to fall (e.g., rain, snow, etc.)",Verb,Godan (-ru ending),Main verb,Weather/Nature/Health,Core open list,Intransitive,1437,2396,0.00421613,chriskempson Japanese subtitles word_freq_report.txt,subtitle match: Japanese form,降る,"v5r,vi",,,,GitHub elzup/jlpt-word-list n5.csv (based on Tanos/Genki),"Subtitle corpus POS tags: v5r,vi",Health/service/problem anchor
7,Health + Services + Problems,40,470,647,耳,みみ,mimi,ear,Noun,,Common noun,Weather/Nature/Health,Core open list,Noun-like word,1657,2129,0.00486161,chriskempson Japanese subtitles word_freq_report.txt,subtitle match: Japanese form,耳,n,,,,GitHub elzup/jlpt-word-list n5.csv (based on Tanos/Genki),Subtitle corpus POS tags: n,Health/service/problem anchor
7,Health + Services + Problems,41,113,655,目,め,me,eye(s),Noun,,Common noun,Weather/Nature/Health,Core open list,Noun-like word,18456,227,0.05414961,chriskempson Japanese subtitles word_freq_report.txt,subtitle match: Japanese form,目,n,,,,GitHub elzup/jlpt-word-list n5.csv (based on Tanos/Genki),Subtitle corpus POS tags: n,Health/service/problem anchor
7,Health + Services + Problems,42,296,674,山,やま,yama,mountain,Noun,,Common noun,Weather/Nature/Health,Core open list,Mountain; source corpus also tags some counter use,4648,864,0.01363716,chriskempson Japanese subtitles word_freq_report.txt,subtitle match: Japanese form,山,"n,ctr",,,,GitHub elzup/jlpt-word-list n5.csv (based on Tanos/Genki),Manual learner override from vocabulary meaning,Health/service/problem anchor
7,Health + Services + Problems,43,379,681,雪,ゆき,yuki,snow,Noun,,Common noun,Weather/Nature/Health,Core open list,Noun-like word,2778,1371,0.00815061,chriskempson Japanese subtitles word_freq_report.txt,subtitle match: Japanese form,雪,n,,,,GitHub elzup/jlpt-word-list n5.csv (based on Tanos/Genki),Subtitle corpus POS tags: n,Health/service/problem anchor
7,Health + Services + Problems,44,149,716,渡す,わたす,watasu,to hand (something) over (v.t.); to get across,Verb,Godan (-su ending),Main verb,Weather/Nature/Health,Core open list,Transitive,12748,336,0.03740243,chriskempson Japanese subtitles word_freq_report.txt,subtitle match: Japanese form,渡す,"v5s,vt",,,,GitHub elzup/jlpt-word-list n5.csv (based on Tanos/Genki),"Subtitle corpus POS tags: v5s,vt",Health/service/problem anchor
7,Health + Services + Problems,45,69,91,ええ,ええ,ee,yes,Interjection,,Interjection,Greetings/Responses,Core open list,Greeting/filler/response word,30062,142,0.08820142,chriskempson Japanese subtitles word_freq_report.txt,subtitle match: Japanese form,ええ,int,,,,GitHub elzup/jlpt-word-list n5.csv (based on Tanos/Genki),Subtitle corpus POS tags: int,Health/service/problem anchor
7,Health + Services + Problems,46,32,218,下さい,ください,kudasai,(with te-form verb) please do for me,Expression,,Fixed expression,Greetings/Responses,Core open list,Phrase-like expression,63268,68,0.18562729,chriskempson Japanese subtitles word_freq_report.txt,subtitle match: reading form,ください,exp,,,,GitHub elzup/jlpt-word-list n5.csv (based on Tanos/Genki),Subtitle corpus POS tags: exp,Health/service/problem anchor
7,Health + Services + Problems,47,147,274,さあ,さあ,saa,"come now, well",Conjunction,,Conjunction,Greetings/Responses,Core open list,Connects clauses or discourse,12846,334,0.03768996,chriskempson Japanese subtitles word_freq_report.txt,subtitle match: Japanese form,さあ,"conj,int",,,,GitHub elzup/jlpt-word-list n5.csv (based on Tanos/Genki),"Subtitle corpus POS tags: conj,int",Health/service/problem anchor
7,Health + Services + Problems,48,7,310,じゃあ,じゃあ,jaa,"well, well then",Conjunction,,Conjunction,Greetings/Responses,Core open list,Connects clauses or discourse,136421,23,0.40025701,chriskempson Japanese subtitles word_freq_report.txt,subtitle match: Japanese form,じゃあ,"conj,int",,,,GitHub elzup/jlpt-word-list n5.csv (based on Tanos/Genki),"Subtitle corpus POS tags: conj,int",Health/service/problem anchor
7,Health + Services + Problems,49,38,358,そう,そう,sou,"yes; appears, to be the case",Adverb,,Adverb,Greetings/Responses,Core open list,Modifies verbs/adjectives/sentences,49928,80,0.14648794,chriskempson Japanese subtitles word_freq_report.txt,subtitle match: Japanese form,そう,adv,,,,GitHub elzup/jlpt-word-list n5.csv (based on Tanos/Genki),Subtitle corpus POS tags: adv,Health/service/problem anchor
7,Health + Services + Problems,50,342,370,それでは,それでは,soredewa,"in that situation, well then...",Expression,,Fixed expression,Greetings/Responses,Core open list,Phrase-like expression,3597,1100,0.01055354,chriskempson Japanese subtitles word_freq_report.txt,subtitle match: Japanese form,それでは,exp,,,,GitHub elzup/jlpt-word-list n5.csv (based on Tanos/Genki),Subtitle corpus POS tags: exp,Health/service/problem anchor
7,Health + Services + Problems,51,42,374,大丈夫,だいじょうぶ,daijoubu,It's ok (all right); No need to worry; Everything is under control,Adjective,,na-adjective,Greetings/Responses,Core open list,Can take な before nouns / also noun-like / adverbial use,44199,90,0.12967915,chriskempson Japanese subtitles word_freq_report.txt,subtitle match: Japanese form,大丈夫,"adj-na,adv,n",,,,GitHub elzup/jlpt-word-list n5.csv (based on Tanos/Genki),"Subtitle corpus POS tags: adj-na,adv,n",Health/service/problem anchor
7,Health + Services + Problems,52,399,410,丁度,ちょうど,choudo,"just, right, exactly",Adjective,,na-adjective,Greetings/Responses,Core open list,Can take な before nouns / also noun-like / adverbial use,2462,1525,0.00722347,chriskempson Japanese subtitles word_freq_report.txt,subtitle match: reading form,ちょうど,"adj-na,adv,n",,,,GitHub elzup/jlpt-word-list n5.csv (based on Tanos/Genki),"Subtitle corpus POS tags: adj-na,adv,n",Health/service/problem anchor
7,Health + Services + Problems,53,53,433,では,では,dewa,"then, well, so",Conjunction,,Conjunction,Greetings/Responses,Core open list,Connects clauses or discourse,34049,119,0.09989921,chriskempson Japanese subtitles word_freq_report.txt,subtitle match: Japanese form,では,"conj,int",,,,GitHub elzup/jlpt-word-list n5.csv (based on Tanos/Genki),"Subtitle corpus POS tags: conj,int",Health/service/problem anchor
7,Health + Services + Problems,54,211,660,もしもし,もしもし,moshimoshi,Hello? (used on the phone),Interjection,,Interjection,Greetings/Responses,Core open list,Greeting/filler/response word,8088,534,0.02373006,chriskempson Japanese subtitles word_freq_report.txt,subtitle match: Japanese form,もしもし,int,,,,GitHub elzup/jlpt-word-list n5.csv (based on Tanos/Genki),Subtitle corpus POS tags: int,Health/service/problem anchor
7,Health + Services + Problems,55,22,747,あ,あ,a,"Ah!, Oh!",Interjection,,Interjection,Greetings/Responses,Supplemental N5 buffer,Greeting/filler/response word,79737,49,0.23394707,chriskempson Japanese subtitles word_freq_report.txt,subtitle match: Japanese form,あ,int,,,,MLC 802-word list / common N5 buffer,Subtitle corpus POS tags: int,Health/service/problem anchor
7,Health + Services + Problems,56,363,748,あのう,あのう,anou,"Excuse me; well, let me see",Interjection,,Interjection,Greetings/Responses,Supplemental N5 buffer,Greeting/filler/response word,3158,1223,0.00926552,chriskempson Japanese subtitles word_freq_report.txt,subtitle match: Japanese form,あのう,int,,,,MLC 802-word list / common N5 buffer,Subtitle corpus POS tags: int,Health/service/problem anchor
7,Health + Services + Problems,57,322,751,いただきます,いただきます,itadakimasu,said before eating; let’s eat,Expression,,Fixed phrase,Greetings/Responses,Supplemental N5 buffer,Meal greeting,,,0.0118,wordfreq 3.1.1 Japanese best wordlist,wordfreq fallback: Japanese form,いただきます,Fallback: no subtitle-corpus match for selected candidates,5.07,,,MLC 802-word list / common N5 buffer,Manual fallback from word/meaning,Health/service/problem anchor
7,Health + Services + Problems,58,359,752,いってきます,いってきます,ittekimasu,I’m leaving,Expression,,Fixed expression,Greetings/Responses,Supplemental N5 buffer,Phrase-like expression,3247,1186,0.00952665,chriskempson Japanese subtitles word_freq_report.txt,subtitle match: Japanese form,いってきます,exp,,,,MLC 802-word list / common N5 buffer,Subtitle corpus POS tags: exp,Health/service/problem anchor
7,Health + Services + Problems,59,320,753,いらっしゃいませ,いらっしゃいませ,irasshaimase,Welcome; may I help you?,Expression,,Fixed expression,Greetings/Responses,Supplemental N5 buffer,Phrase-like expression,4038,980,0.01184743,chriskempson Japanese subtitles word_freq_report.txt,subtitle match: Japanese form,いらっしゃいませ,exp,,,,MLC 802-word list / common N5 buffer,Subtitle corpus POS tags: exp,Health/service/problem anchor
7,Health + Services + Problems,60,348,754,うーん,うーん,uun,Well; let me see,Interjection,,Interjection,Greetings/Responses,Supplemental N5 buffer,Greeting/filler/response word,3485,1116,0.01022493,chriskempson Japanese subtitles word_freq_report.txt,subtitle match: Japanese form,うーん,int,,,,MLC 802-word list / common N5 buffer,Subtitle corpus POS tags: int,Health/service/problem anchor
7,Health + Services + Problems,61,76,755,え,え,e,Oh!,Interjection,,Exclamation,Greetings/Responses,Supplemental N5 buffer,Interjection,,,0.0794,wordfreq 3.1.1 Japanese best wordlist,wordfreq fallback: Japanese form,え,Fallback: no subtitle-corpus match for selected candidates,5.9,,,MLC 802-word list / common N5 buffer,Manual fallback from word/meaning,Health/service/problem anchor
7,Health + Services + Problems,62,525,756,えー,えー,ee,Well; let me see,Interjection,,Filler/interjection,Greetings/Responses,Supplemental N5 buffer,Conversational filler,,,0.00363,wordfreq 3.1.1 Japanese best wordlist,wordfreq fallback: Japanese form,えー,Fallback: no subtitle-corpus match for selected candidates,4.56,,,MLC 802-word list / common N5 buffer,Manual fallback from word/meaning,Health/service/problem anchor
7,Health + Services + Problems,63,18,757,えっ,えっ,e,Oh!; huh?,Interjection,,Interjection,Greetings/Responses,Supplemental N5 buffer,Greeting/filler/response word,90936,41,0.26680475,chriskempson Japanese subtitles word_freq_report.txt,subtitle match: Japanese form,えっ,int,,,,MLC 802-word list / common N5 buffer,Subtitle corpus POS tags: int,Health/service/problem anchor
7,Health + Services + Problems,64,345,758,お元気で,おげんきで,ogenkide,Take care,Expression,,Fixed phrase,Greetings/Responses,Supplemental N5 buffer,Greeting/farewell,,,0.0104,wordfreq 3.1.1 Japanese best wordlist,wordfreq fallback: Japanese form,お元気で,Fallback: no subtitle-corpus match for selected candidates,5.02,,,MLC 802-word list / common N5 buffer,Manual fallback from word/meaning,Health/service/problem anchor
7,Health + Services + Problems,65,697,761,おやすみなさい,おやすみなさい,oyasuminasai,Good night,Expression,,Fixed phrase,Greetings/Responses,Supplemental N5 buffer,Greeting phrase,,,0.000759,wordfreq 3.1.1 Japanese best wordlist,wordfreq fallback: Japanese form,おやすみなさい,Fallback: no subtitle-corpus match for selected candidates,3.88,,,MLC 802-word list / common N5 buffer,Manual fallback from word/meaning,Health/service/problem anchor
7,Health + Services + Problems,66,751,762,ごちそうさまでした,ごちそうさまでした,gochisousamadeshita,Thank you for the meal,Expression,,Fixed phrase,Greetings/Responses,Supplemental N5 buffer,Meal greeting,,,0.0003,wordfreq 3.1.1 Japanese best wordlist,wordfreq fallback: Japanese form,ごちそうさまでした,Fallback: no subtitle-corpus match for selected candidates,3.48,,,MLC 802-word list / common N5 buffer,Manual fallback from word/meaning,Health/service/problem anchor
7,Health + Services + Problems,67,469,763,こちらこそ,こちらこそ,kochirakoso,Likewise; same here,Expression,,Fixed expression,Greetings/Responses,Supplemental N5 buffer,Phrase-like expression,1673,2120,0.00490855,chriskempson Japanese subtitles word_freq_report.txt,subtitle match: Japanese form,こちらこそ,exp,,,,MLC 802-word list / common N5 buffer,Subtitle corpus POS tags: exp,Health/service/problem anchor
7,Health + Services + Problems,68,796,764,ごめんください,ごめんください,gomenkudasai,Hello; may I come in?,Expression,,Fixed phrase,Greetings/Responses,Supplemental N5 buffer,Greeting/entry phrase,,,6.31e-06,wordfreq 3.1.1 Japanese best wordlist,wordfreq fallback: Japanese form,ごめんください,Fallback: no subtitle-corpus match for selected candidates,1.8,,,MLC 802-word list / common N5 buffer,Manual fallback from word/meaning,Health/service/problem anchor
7,Health + Services + Problems,69,417,769,失礼しました,しつれいしました,shitsureishimashita,I am sorry; excuse me for being rude,Expression,,Fixed phrase,Greetings/Responses,Supplemental N5 buffer,Apology/excuse phrase,,,0.00652,wordfreq 3.1.1 Japanese best wordlist,wordfreq fallback: Japanese form,失礼しました,Fallback: no subtitle-corpus match for selected candidates,4.81,,,MLC 802-word list / common N5 buffer,Manual fallback from word/meaning,Health/service/problem anchor
7,Health + Services + Problems,70,196,772,そうしましょう,そうしましょう,soushimashou,Let’s do that,Expression,,Fixed phrase,Greetings/Responses,Supplemental N5 buffer,Volitional phrase,,,0.0255,wordfreq 3.1.1 Japanese best wordlist,wordfreq fallback: Japanese form,そうしましょう,Fallback: no subtitle-corpus match for selected candidates,5.41,,,MLC 802-word list / common N5 buffer,Manual fallback from word/meaning,Health/service/problem anchor
7,Health + Services + Problems,71,104,773,そうです,そうです,soudesu,That’s right,Interjection,,Interjection,Greetings/Responses,Supplemental N5 buffer,Greeting/filler/response word,19753,210,0.05795498,chriskempson Japanese subtitles word_freq_report.txt,subtitle match: Japanese form,そうです,int,,,,MLC 802-word list / common N5 buffer,Subtitle corpus POS tags: int,Health/service/problem anchor
7,Health + Services + Problems,72,39,774,そうですか,そうですか,soudesuka,I see; is that so?,Expression,,Fixed phrase,Greetings/Responses,Supplemental N5 buffer,Conversational phrase,,,0.138,wordfreq 3.1.1 Japanese best wordlist,wordfreq fallback: Japanese form,そうですか,Fallback: no subtitle-corpus match for selected candidates,6.14,,,MLC 802-word list / common N5 buffer,Manual fallback from word/meaning,Health/service/problem anchor
7,Health + Services + Problems,73,243,775,そうですね,そうですね,soudesune,Right; well...,Expression,,Fixed expression,Greetings/Responses,Supplemental N5 buffer,Phrase-like expression,6000,684,0.0176039,chriskempson Japanese subtitles word_freq_report.txt,subtitle match: Japanese form,そうですね,exp,,,,MLC 802-word list / common N5 buffer,Subtitle corpus POS tags: exp,Health/service/problem anchor
7,Health + Services + Problems,74,221,776,ただいま,ただいま,tadaima,I’m home; I’m back,Interjection,,Interjection,Greetings/Responses,Supplemental N5 buffer,Greeting/filler/response word,7351,576,0.02156771,chriskempson Japanese subtitles word_freq_report.txt,subtitle match: Japanese form,ただいま,"int,exp",,,,MLC 802-word list / common N5 buffer,"Subtitle corpus POS tags: int,exp",Health/service/problem anchor
7,Health + Services + Problems,75,54,777,では、また,では、また,"dewa, mata","Well then, see you again",Conjunction,,Conjunction,Greetings/Responses,Supplemental N5 buffer,Connects clauses or discourse,34049,119,0.09989921,chriskempson Japanese subtitles word_freq_report.txt,subtitle match: Japanese form,では,"conj,int",,,,MLC 802-word list / common N5 buffer,"Subtitle corpus POS tags: conj,int",Health/service/problem anchor
7,Health + Services + Problems,76,678,778,どういたしまして,どういたしまして,douitashimashite,You’re welcome,Interjection,,Interjection,Greetings/Responses,Supplemental N5 buffer,Greeting/filler/response word,351,7459,0.00102983,chriskempson Japanese subtitles word_freq_report.txt,subtitle match: Japanese form,どういたしまして,int,,,,MLC 802-word list / common N5 buffer,Subtitle corpus POS tags: int,Health/service/problem anchor
7,Health + Services + Problems,77,512,779,どうもありがとう,どうもありがとう,doumoarigatou,Thanks a lot,Expression,,Fixed phrase,Greetings/Responses,Supplemental N5 buffer,Thank-you phrase,,,0.00393,wordfreq 3.1.1 Japanese best wordlist,wordfreq fallback: Japanese form,どうもありがとう,Fallback: no subtitle-corpus match for selected candidates,4.59,,,MLC 802-word list / common N5 buffer,Manual fallback from word/meaning,Health/service/problem anchor
7,Health + Services + Problems,78,251,307,閉まる,しまる,shimaru,"to close, to be closed",Verb,Godan (-ru ending),Main verb,Core Verbs/Actions,Core open list,Intransitive,5705,712,0.01673838,chriskempson Japanese subtitles word_freq_report.txt,subtitle match: Japanese form,閉まる,"v5r,vi",,,,GitHub elzup/jlpt-word-list n5.csv (based on Tanos/Genki),"Subtitle corpus POS tags: v5r,vi",Health/service/problem anchor
7,Health + Services + Problems,79,257,795,電話する,でんわする,denwasuru,to call by phone,Verb,Suru verb,Verbal noun + する,Core Verbs/Actions,Supplemental N5 buffer,,,,0.0158,wordfreq 3.1.1 Japanese best wordlist,wordfreq fallback: Japanese form,電話する,Fallback: no subtitle-corpus match for selected candidates,5.2,,,MLC 802-word list / common N5 buffer,Manual fallback from word/meaning,Health/service/problem anchor
7,Health + Services + Problems,80,569,33,浴びる,あびる,abiru,"to bathe, to shower",Verb,Ichidan,Main verb,Misc/Bridge,Core open list,Transitive,918,3449,0.0026934,chriskempson Japanese subtitles word_freq_report.txt,subtitle match: Japanese form,浴びる,"v1,vt",,,,GitHub elzup/jlpt-word-list n5.csv (based on Tanos/Genki),"Subtitle corpus POS tags: v1,vt",Health/service/problem anchor
7,Health + Services + Problems,81,315,34,危ない,あぶない,abunai,"dangerous, critical",Adjective,,i-adjective,Misc/Bridge,Core open list,Conjugates directly; dictionary form ends in い,4173,948,0.01224351,chriskempson Japanese subtitles word_freq_report.txt,subtitle match: Japanese form,危ない,adj-i,,,,GitHub elzup/jlpt-word-list n5.csv (based on Tanos/Genki),Subtitle corpus POS tags: adj-i,Health/service/problem anchor
7,Health + Services + Problems,82,70,304,死ぬ,しぬ,shinu,to die,Verb,Godan (-nu ending),Main verb,Misc/Bridge,Core open list,Intransitive,29649,145,0.08698969,chriskempson Japanese subtitles word_freq_report.txt,subtitle match: Japanese form,死ぬ,"v5n,vn,vi",,,,GitHub elzup/jlpt-word-list n5.csv (based on Tanos/Genki),"Subtitle corpus POS tags: v5n,vn,vi",Health/service/problem anchor
7,Health + Services + Problems,83,619,313,シャワー,シャワー,shawaa,shower,Noun,,Common noun,Misc/Bridge,Core open list,Noun-like word,632,4644,0.00185428,chriskempson Japanese subtitles word_freq_report.txt,subtitle match: Japanese form,シャワー,n,,,,GitHub elzup/jlpt-word-list n5.csv (based on Tanos/Genki),Subtitle corpus POS tags: n,Health/service/problem anchor
7,Health + Services + Problems,84,788,348,石鹸,せっけん,sekken,soap,Noun,,Common noun,Misc/Bridge,Core open list,Noun-like word,8,58621,2.347e-05,chriskempson Japanese subtitles word_freq_report.txt,subtitle match: Japanese form,石鹸,n,,,,GitHub elzup/jlpt-word-list n5.csv (based on Tanos/Genki),Subtitle corpus POS tags: n,Health/service/problem anchor
7,Health + Services + Problems,85,660,390,たばこ,たばこ,tabako,"tobacco, cigarettes",Noun,,Common noun,Misc/Bridge,Core open list,Special reading/orthography tag in source,424,6391,0.00124401,chriskempson Japanese subtitles word_freq_report.txt,subtitle match: Japanese form,たばこ,gikun,,,,GitHub elzup/jlpt-word-list n5.csv (based on Tanos/Genki),Subtitle corpus POS tags: gikun,Health/service/problem anchor
7,Health + Services + Problems,86,613,398,段々,だんだん,dandan,"gradually, by degrees",Noun,,Common noun,Misc/Bridge,Core open list,Noun-like word,653,4522,0.00191589,chriskempson Japanese subtitles word_freq_report.txt,subtitle match: reading form,だんだん,"n,adv-to,adv",,,,GitHub elzup/jlpt-word-list n5.csv (based on Tanos/Genki),"Subtitle corpus POS tags: n,adv-to,adv",Health/service/problem anchor
7,Health + Services + Problems,87,47,436,出る,でる,deru,"to appear, to leave",Verb,Ichidan,Main verb,Misc/Bridge,Core open list,Intransitive,37524,110,0.11009481,chriskempson Japanese subtitles word_freq_report.txt,subtitle match: Japanese form,出る,"v1,vi",,,,GitHub elzup/jlpt-word-list n5.csv (based on Tanos/Genki),"Subtitle corpus POS tags: v1,vi",Health/service/problem anchor
7,Health + Services + Problems,88,153,441,電話,でんわ,denwa,a telephone,Noun,Can form する verb,no-adjective noun / Suru-verbal noun,Misc/Bridge,Core open list,Can combine with する,12456,350,0.0365457,chriskempson Japanese subtitles word_freq_report.txt,subtitle match: Japanese form,電話,"n,vs,adj-no",,,,GitHub elzup/jlpt-word-list n5.csv (based on Tanos/Genki),"Subtitle corpus POS tags: n,vs,adj-no",Health/service/problem anchor
7,Health + Services + Problems,89,597,517,歯,は,ha,tooth,Noun,,Common noun,Misc/Bridge,Core open list,Noun-like word,740,4098,0.00217115,chriskempson Japanese subtitles word_freq_report.txt,subtitle match: Japanese form,歯,n,,,,GitHub elzup/jlpt-word-list n5.csv (based on Tanos/Genki),Subtitle corpus POS tags: n,Health/service/problem anchor
7,Health + Services + Problems,90,750,521,灰皿,はいざら,haizara,ashtray,Noun,,Common noun,Misc/Bridge,Core open list,Noun-like word,103,17394,0.0003022,chriskempson Japanese subtitles word_freq_report.txt,subtitle match: Japanese form,灰皿,n,,,,GitHub elzup/jlpt-word-list n5.csv (based on Tanos/Genki),Subtitle corpus POS tags: n,Health/service/problem anchor
7,Health + Services + Problems,91,701,553,ハンカチ,ハンカチ,hankachi,handkerchief,Noun,,Common noun,Misc/Bridge,Core open list,Noun-like word,242,9804,0.00071002,chriskempson Japanese subtitles word_freq_report.txt,subtitle match: Japanese form,ハンカチ,n,,,,GitHub elzup/jlpt-word-list n5.csv (based on Tanos/Genki),Subtitle corpus POS tags: n,Health/service/problem anchor
7,Health + Services + Problems,92,700,629,まっすぐ,まっすぐ,massugu,"straight (ahead), direct",Adverb,,Manner adverb / na-adjective,Misc/Bridge,Core open list,Adverbial adjectival noun,,,0.000724,wordfreq 3.1.1 Japanese best wordlist,wordfreq fallback: Japanese form,まっすぐ,Fallback: no subtitle-corpus match for selected candidates,3.86,,,GitHub elzup/jlpt-word-list n5.csv (based on Tanos/Genki),Manual fallback from word/meaning,Health/service/problem anchor
7,Health + Services + Problems,93,707,630,マッチ,マッチ,macchi,match,Noun,,Common noun,Misc/Bridge,Core open list,Noun-like word,231,10139,0.00067775,chriskempson Japanese subtitles word_freq_report.txt,subtitle match: Japanese form,マッチ,n,,,,GitHub elzup/jlpt-word-list n5.csv (based on Tanos/Genki),Subtitle corpus POS tags: n,Health/service/problem anchor
7,Health + Services + Problems,94,625,635,磨く,みがく,migaku,to brush (teeth); to polish,Verb,Godan (-ku ending),Main verb,Misc/Bridge,Core open list,Transitive,588,4927,0.00172518,chriskempson Japanese subtitles word_freq_report.txt,subtitle match: Japanese form,磨く,"v5k,vt",,,,GitHub elzup/jlpt-word-list n5.csv (based on Tanos/Genki),"Subtitle corpus POS tags: v5k,vt",Health/service/problem anchor
7,Health + Services + Problems,95,136,649,みんな,みんな,minna,"all, everyone, everybody",Pronoun,,Indefinite pronoun,Misc/Bridge,Core open list,People/general pronoun,,,0.0417,wordfreq 3.1.1 Japanese best wordlist,wordfreq fallback: Japanese form,みんな,Fallback: no subtitle-corpus match for selected candidates,5.62,,,GitHub elzup/jlpt-word-list n5.csv (based on Tanos/Genki),Manual fallback from word/meaning,Health/service/problem anchor
7,Health + Services + Problems,96,366,789,携帯電話,けいたいでんわ,keitaidenwa,mobile phone,Noun,,no-adjective noun,Misc/Bridge,Supplemental N5 buffer,Noun-like word,3036,1260,0.00890757,chriskempson Japanese subtitles word_freq_report.txt,subtitle match: Japanese form,携帯電話,"n,adj-no",,,,MLC 802-word list / common N5 buffer,"Subtitle corpus POS tags: n,adj-no",Health/service/problem anchor
7,Health + Services + Problems,97,644,534,二十歳,はたち,hatachi,20 years old,Noun,,Common noun,Numbers/Counters,Core open list,Noun-like word,509,5563,0.0014934,chriskempson Japanese subtitles word_freq_report.txt,subtitle match: Japanese form,二十歳,n,,,,GitHub elzup/jlpt-word-list n5.csv (based on Tanos/Genki),Subtitle corpus POS tags: n,Health/service/problem anchor
7,Health + Services + Problems,98,504,657,眼鏡,めがね,megane,eye glasses,Noun,,Common noun,Home/Objects,Core open list,Noun-like word,1409,2437,0.00413398,chriskempson Japanese subtitles word_freq_report.txt,subtitle match: Japanese form,眼鏡,n,,,,GitHub elzup/jlpt-word-list n5.csv (based on Tanos/Genki),Subtitle corpus POS tags: n,Health/service/problem anchor
7,Health + Services + Problems,99,242,543,早い,はやい,hayai,early,Adjective,,i-adjective,Adjectives/Adverbs/Abstract,Core open list,Conjugates directly; dictionary form ends in い,6077,678,0.01782982,chriskempson Japanese subtitles word_freq_report.txt,subtitle match: Japanese form,早い,adj-i,,,,GitHub elzup/jlpt-word-list n5.csv (based on Tanos/Genki),Subtitle corpus POS tags: adj-i,Health/service/problem anchor
7,Health + Services + Problems,100,549,695,来年,らいねん,rainen,next year,Noun,,Temporal noun / Adverbial noun,Time/Calendar,Core open list,Noun-like word,1039,3094,0.00304841,chriskempson Japanese subtitles word_freq_report.txt,subtitle match: Japanese form,来年,"n-adv,n-t",,,,GitHub elzup/jlpt-word-list n5.csv (based on Tanos/Genki),"Subtitle corpus POS tags: n-adv,n-t",Health/service/problem anchor
8,Full N5 Integration + Glue,1,106,413,使う,つかう,tsukau,to use,Verb,Godan (-u ending),Main verb,Core Verbs/Actions,Core open list,Transitive,19284,218,0.05657894,chriskempson Japanese subtitles word_freq_report.txt,subtitle match: Japanese form,使う,"v5u,vt",,,,GitHub elzup/jlpt-word-list n5.csv (based on Tanos/Genki),"Subtitle corpus POS tags: v5u,vt",Full-N5 glue or remaining integration item
8,Full N5 Integration + Glue,2,142,430,できる,できる,dekiru,to be able to (to accomplish),Verb,Ichidan,Main verb,Core Verbs/Actions,Core open list,Intransitive,13368,320,0.0392215,chriskempson Japanese subtitles word_freq_report.txt,subtitle match: Japanese form,できる,"v1,vi",,,,GitHub elzup/jlpt-word-list n5.csv (based on Tanos/Genki),"Subtitle corpus POS tags: v1,vi",Full-N5 glue or remaining integration item
8,Full N5 Integration + Glue,3,515,492,並ぶ,ならぶ,narabu,"to line up, to stand in a line (v.i.)",Verb,Godan (-bu ending),Main verb,Core Verbs/Actions,Core open list,Intransitive,1320,2564,0.00387286,chriskempson Japanese subtitles word_freq_report.txt,subtitle match: Japanese form,並ぶ,"v5b,vi",,,,GitHub elzup/jlpt-word-list n5.csv (based on Tanos/Genki),"Subtitle corpus POS tags: v5b,vi",Full-N5 glue or remaining integration item
8,Full N5 Integration + Glue,4,582,548,晴れる,はれる,hareru,to be sunny,Verb,Ichidan,Main verb,Core Verbs/Actions,Core open list,Intransitive,840,3721,0.00246455,chriskempson Japanese subtitles word_freq_report.txt,subtitle match: Japanese form,晴れる,"v1,vi",,,,GitHub elzup/jlpt-word-list n5.csv (based on Tanos/Genki),"Subtitle corpus POS tags: v1,vi",Full-N5 glue or remaining integration item
8,Full N5 Integration + Glue,5,112,605,欲しい,ほしい,hoshii,"to want, in need of",Adjective,,i-adjective,Core Verbs/Actions,Core open list,Conjugates directly; dictionary form ends in い,18844,226,0.05528799,chriskempson Japanese subtitles word_freq_report.txt,subtitle match: Japanese form,欲しい,adj-i,,,,GitHub elzup/jlpt-word-list n5.csv (based on Tanos/Genki),Subtitle corpus POS tags: adj-i,Full-N5 glue or remaining integration item
8,Full N5 Integration + Glue,6,45,628,待つ,まつ,matsu,to wait,Verb,Godan (-tsu ending),Main verb,Core Verbs/Actions,Core open list,Transitive / Intransitive,42364,95,0.12429529,chriskempson Japanese subtitles word_freq_report.txt,subtitle match: Japanese form,待つ,"v5t,vt,vi",,,,GitHub elzup/jlpt-word-list n5.csv (based on Tanos/Genki),"Subtitle corpus POS tags: v5t,vt,vi",Full-N5 glue or remaining integration item
8,Full N5 Integration + Glue,7,19,712,分かる,わかる,wakaru,to understand,Verb,Godan (-ru ending),Main verb,Core Verbs/Actions,Core open list,Intransitive,87726,43,0.25738666,chriskempson Japanese subtitles word_freq_report.txt,subtitle match: Japanese form,分かる,"v5r,vi",,,,GitHub elzup/jlpt-word-list n5.csv (based on Tanos/Genki),"Subtitle corpus POS tags: v5r,vi",Full-N5 glue or remaining integration item
8,Full N5 Integration + Glue,8,154,713,忘れる,わすれる,wasureru,to forget,Verb,Ichidan,Main verb,Core Verbs/Actions,Core open list,Transitive,12442,351,0.03650463,chriskempson Japanese subtitles word_freq_report.txt,subtitle match: Japanese form,忘れる,"v1,vt",,,,GitHub elzup/jlpt-word-list n5.csv (based on Tanos/Genki),"Subtitle corpus POS tags: v1,vt",Full-N5 glue or remaining integration item
8,Full N5 Integration + Glue,9,574,731,メモする,メモする,memosuru,to make a note,Verb,Suru verb,Verbal noun + する,Core Verbs/Actions,Supplemental N5 buffer,,,,0.00262,wordfreq 3.1.1 Japanese best wordlist,wordfreq fallback: Japanese form,メモする,Fallback: no subtitle-corpus match for selected candidates,4.42,,,MLC 802-word list / common N5 buffer,Manual fallback from word/meaning,Full-N5 glue or remaining integration item
8,Full N5 Integration + Glue,10,683,787,作り方,つくりかた,tsukurikata,how to make,Noun,,Common noun,Core Verbs/Actions,Supplemental N5 buffer,Noun-like word,328,7851,0.00096235,chriskempson Japanese subtitles word_freq_report.txt,subtitle match: Japanese form,作り方,n,,,,MLC 802-word list / common N5 buffer,Subtitle corpus POS tags: n,Full-N5 glue or remaining integration item
8,Full N5 Integration + Glue,11,401,400,小さな,ちいさな,chiisana,"small, little",Adjective,,pre-noun adjective,Adjectives/Adverbs/Abstract,Core open list,Used directly before nouns,2456,1528,0.00720586,chriskempson Japanese subtitles word_freq_report.txt,subtitle match: Japanese form,小さな,adj-pn,,,,GitHub elzup/jlpt-word-list n5.csv (based on Tanos/Genki),Subtitle corpus POS tags: adj-pn,Full-N5 glue or remaining integration item
8,Full N5 Integration + Glue,12,56,626,まだ,まだ,mada,"yet, still, besides",Adverb,,Adverb,Adjectives/Adverbs/Abstract,Core open list,Yet/still; modifies a sentence or verb phrase,33448,121,0.09813589,chriskempson Japanese subtitles word_freq_report.txt,subtitle match: Japanese form,まだ,"adj-na,adv",,,,GitHub elzup/jlpt-word-list n5.csv (based on Tanos/Genki),Manual learner override from N5 usage,Full-N5 glue or remaining integration item
8,Full N5 Integration + Glue,13,791,650,六日,むいか,muika,six days; sixth day of month,Noun,,Common noun,Time/Calendar,Core open list,Noun-like word,4,72007,1.174e-05,chriskempson Japanese subtitles word_freq_report.txt,subtitle match: Japanese form,六日,n,,,,GitHub elzup/jlpt-word-list n5.csv (based on Tanos/Genki),Subtitle corpus POS tags: n,Full-N5 glue or remaining integration item
8,Full N5 Integration + Glue,14,689,659,木曜日,もくようび,mokuyoubi,Thursday,Noun,,Temporal noun / Adverbial noun,Time/Calendar,Core open list,Noun-like word,285,8710,0.00083619,chriskempson Japanese subtitles word_freq_report.txt,subtitle match: Japanese form,木曜日,"n-adv,n-t",,,,GitHub elzup/jlpt-word-list n5.csv (based on Tanos/Genki),"Subtitle corpus POS tags: n-adv,n-t",Full-N5 glue or remaining integration item
8,Full N5 Integration + Glue,15,452,671,休み,やすみ,yasumi,holiday; day off; absence,Noun,,Common noun,Time/Calendar,Core open list,Noun from verb stem,,,0.00537,wordfreq 3.1.1 Japanese best wordlist,wordfreq fallback: Japanese form,休み,Fallback: no subtitle-corpus match for selected candidates,4.73,,,GitHub elzup/jlpt-word-list n5.csv (based on Tanos/Genki),Manual fallback from word/meaning,Full-N5 glue or remaining integration item
8,Full N5 Integration + Glue,16,280,672,休む,やすむ,yasumu,"to rest, to have a break, to get time off",Verb,Godan (-mu ending),Main verb,Time/Calendar,Core open list,Intransitive,4968,802,0.01457603,chriskempson Japanese subtitles word_freq_report.txt,subtitle match: Japanese form,休む,"v5m,vi",,,,GitHub elzup/jlpt-word-list n5.csv (based on Tanos/Genki),"Subtitle corpus POS tags: v5m,vi",Full-N5 glue or remaining integration item
8,Full N5 Integration + Glue,17,580,676,夕方,ゆうがた,yuugata,"late afternoon (typically just before dinner time), evening",Noun,,Temporal noun / Adverbial noun,Time/Calendar,Core open list,Noun-like word,859,3644,0.00252029,chriskempson Japanese subtitles word_freq_report.txt,subtitle match: Japanese form,夕方,"n-adv,n-t",,,,GitHub elzup/jlpt-word-list n5.csv (based on Tanos/Genki),"Subtitle corpus POS tags: n-adv,n-t",Full-N5 glue or remaining integration item
8,Full N5 Integration + Glue,18,481,679,昨夜,ゆうべ,yuube,last night,Noun,,Temporal noun / Adverbial noun,Time/Calendar,Core open list,Noun-like word,1526,2279,0.00447726,chriskempson Japanese subtitles word_freq_report.txt,subtitle match: Japanese form,昨夜,"n-adv,n-t",,,,GitHub elzup/jlpt-word-list n5.csv (based on Tanos/Genki),"Subtitle corpus POS tags: n-adv,n-t",Full-N5 glue or remaining integration item
8,Full N5 Integration + Glue,19,687,683,八日,ようか,youka,eight days; eighth day of the month,Noun,,Common noun,Time/Calendar,Core open list,Noun-like word,309,8210,0.0009066,chriskempson Japanese subtitles word_freq_report.txt,subtitle match: Japanese form,八日,n,,,,GitHub elzup/jlpt-word-list n5.csv (based on Tanos/Genki),Subtitle corpus POS tags: n,Full-N5 glue or remaining integration item
8,Full N5 Integration + Glue,20,537,687,四日,よっか,yokka,four days; fourth day of the month,Noun,,Common noun,Time/Calendar,Core open list,Noun-like word,1140,2864,0.00334474,chriskempson Japanese subtitles word_freq_report.txt,subtitle match: Japanese form,四日,n,,,,GitHub elzup/jlpt-word-list n5.csv (based on Tanos/Genki),Subtitle corpus POS tags: n,Full-N5 glue or remaining integration item
8,Full N5 Integration + Glue,21,187,691,夜,よる,yoru,"evening, night",Noun,,Temporal noun / Adverbial noun,Time/Calendar,Core open list,Noun-like word,9146,463,0.02683422,chriskempson Japanese subtitles word_freq_report.txt,subtitle match: Japanese form,夜,"n-adv,n-t",,,,GitHub elzup/jlpt-word-list n5.csv (based on Tanos/Genki),"Subtitle corpus POS tags: n-adv,n-t",Full-N5 glue or remaining integration item
8,Full N5 Integration + Glue,22,603,693,来月,らいげつ,raigetsu,next month,Noun,,Temporal noun / Adverbial noun,Time/Calendar,Core open list,Noun-like word,703,4265,0.00206259,chriskempson Japanese subtitles word_freq_report.txt,subtitle match: Japanese form,来月,"n-adv,n-t",,,,GitHub elzup/jlpt-word-list n5.csv (based on Tanos/Genki),"Subtitle corpus POS tags: n-adv,n-t",Full-N5 glue or remaining integration item
8,Full N5 Integration + Glue,23,465,694,来週,らいしゅう,raishuu,next week,Noun,,Temporal noun / Adverbial noun,Time/Calendar,Core open list,Noun-like word,1716,2087,0.00503472,chriskempson Japanese subtitles word_freq_report.txt,subtitle match: Japanese form,来週,"n-adv,n-t",,,,GitHub elzup/jlpt-word-list n5.csv (based on Tanos/Genki),"Subtitle corpus POS tags: n-adv,n-t",Full-N5 glue or remaining integration item
8,Full N5 Integration + Glue,24,722,720,～日間,～かかん,~kakan,for ... days,Suffix,,Suffix / bound word,Time/Calendar,Supplemental N5 buffer,Attaches to another word or number,186,11861,0.00054572,chriskempson Japanese subtitles word_freq_report.txt,subtitle match: Japanese form,日間,n,,,,MLC 802-word list / common N5 buffer,Subtitle corpus POS tags: n,Full-N5 glue or remaining integration item
8,Full N5 Integration + Glue,25,65,409,～中,～ちゅう,~chuu,"during, while ~ing",Suffix,,Suffix / bound word,Numbers/Counters,Core open list,Attaches to another word or number,31982,133,0.09383467,chriskempson Japanese subtitles word_freq_report.txt,subtitle match: Japanese form,中,n,,,,GitHub elzup/jlpt-word-list n5.csv (based on Tanos/Genki),Subtitle corpus POS tags: n,Full-N5 glue or remaining integration item
8,Full N5 Integration + Glue,26,138,443,～度,～ど,~do,counter for occurrences; ~ degree; ~ point,Counter,,Counter / counting suffix,Numbers/Counters,Core open list,Counter or measure word,14123,302,0.04143665,chriskempson Japanese subtitles word_freq_report.txt,subtitle match: Japanese form,度,"n,n-suf",,,,GitHub elzup/jlpt-word-list n5.csv (based on Tanos/Genki),"Subtitle corpus POS tags: n,n-suf",Full-N5 glue or remaining integration item
8,Full N5 Integration + Glue,27,265,462,どっち,どっち,docchi,"which one, which way",Noun,,Common noun,Numbers/Counters,Core open list,Noun-like word,5284,757,0.01550317,chriskempson Japanese subtitles word_freq_report.txt,subtitle match: Japanese form,どっち,n,,,,GitHub elzup/jlpt-word-list n5.csv (based on Tanos/Genki),Subtitle corpus POS tags: n,Full-N5 glue or remaining integration item
8,Full N5 Integration + Glue,28,167,486,～など,～など,~nado,et cetera,Suffix,,Suffix / bound word,Numbers/Counters,Core open list,Attaches to another word or number,10986,392,0.03223275,chriskempson Japanese subtitles word_freq_report.txt,subtitle match: Japanese form,など,"n,n-suf,prt",,,,GitHub elzup/jlpt-word-list n5.csv (based on Tanos/Genki),"Subtitle corpus POS tags: n,n-suf,prt",Full-N5 glue or remaining integration item
8,Full N5 Integration + Glue,29,762,487,七つ,ななつ,nanatsu,seven things,Noun,,Numeral,Numbers/Counters,Core open list,Number/quantity word,67,22478,0.00019658,chriskempson Japanese subtitles word_freq_report.txt,subtitle match: Japanese form,七つ,num,,,,GitHub elzup/jlpt-word-list n5.csv (based on Tanos/Genki),Subtitle corpus POS tags: num,Full-N5 glue or remaining integration item
8,Full N5 Integration + Glue,30,584,493,並べる,ならべる,naraberu,to put (things) side by side; to line up,Verb,Ichidan,Main verb,Numbers/Counters,Core open list,Transitive,827,3765,0.0024264,chriskempson Japanese subtitles word_freq_report.txt,subtitle match: Japanese form,並べる,"v1,vt",,,,GitHub elzup/jlpt-word-list n5.csv (based on Tanos/Genki),"Subtitle corpus POS tags: v1,vt",Full-N5 glue or remaining integration item
8,Full N5 Integration + Glue,31,9,505,～人,～にん,~nin,counter for people,Counter,,People counter suffix,Numbers/Counters,Core open list,Counter/function word,,,0.363,wordfreq 3.1.1 Japanese best wordlist,wordfreq fallback: Japanese form,人,Fallback: no subtitle-corpus match for selected candidates,6.56,,,GitHub elzup/jlpt-word-list n5.csv (based on Tanos/Genki),Manual fallback from word/meaning,Full-N5 glue or remaining integration item
8,Full N5 Integration + Glue,32,519,549,半,はん,han,"half (e.g., にじはん | half-past two)",Noun,,Prefix-like noun,Numbers/Counters,Core open list,Noun-like word,1305,2586,0.00382885,chriskempson Japanese subtitles word_freq_report.txt,subtitle match: Japanese form,半,"n,n-pref",,,,GitHub elzup/jlpt-word-list n5.csv (based on Tanos/Genki),"Subtitle corpus POS tags: n,n-pref",Full-N5 glue or remaining integration item
8,Full N5 Integration + Glue,33,323,551,～番,～ばん,~ban,~st; ~th best,Suffix,,Suffix / bound word,Numbers/Counters,Core open list,Attaches to another word or number,4005,990,0.01175061,chriskempson Japanese subtitles word_freq_report.txt,subtitle match: Japanese form,番,n,,,,GitHub elzup/jlpt-word-list n5.csv (based on Tanos/Genki),Subtitle corpus POS tags: n,Full-N5 glue or remaining integration item
8,Full N5 Integration + Glue,34,527,554,番号,ばんごう,bangou,"number, series of digits",Noun,,Common noun,Numbers/Counters,Core open list,Noun-like word,1213,2739,0.00355892,chriskempson Japanese subtitles word_freq_report.txt,subtitle match: Japanese form,番号,n,,,,GitHub elzup/jlpt-word-list n5.csv (based on Tanos/Genki),Subtitle corpus POS tags: n,Full-N5 glue or remaining integration item
8,Full N5 Integration + Glue,35,493,556,半分,はんぶん,hambun,half,Noun,,Adverbial noun,Numbers/Counters,Core open list,Noun-like word,1470,2352,0.00431296,chriskempson Japanese subtitles word_freq_report.txt,subtitle match: Japanese form,半分,"n-adv,n",,,,GitHub elzup/jlpt-word-list n5.csv (based on Tanos/Genki),"Subtitle corpus POS tags: n-adv,n",Full-N5 glue or remaining integration item
8,Full N5 Integration + Glue,36,593,558,～匹,～ひき,~hiki,counter for small animals,Counter,,Counter / counting suffix,Numbers/Counters,Core open list,Counter or measure word,775,3955,0.00227384,chriskempson Japanese subtitles word_freq_report.txt,subtitle match: Japanese form,匹,ctr,,,,GitHub elzup/jlpt-word-list n5.csv (based on Tanos/Genki),Subtitle corpus POS tags: ctr,Full-N5 glue or remaining integration item
8,Full N5 Integration + Glue,37,213,565,一つ,ひとつ,hitotsu,one thing,Noun,,Numeral,Numbers/Counters,Core open list,Number/quantity word,7922,542,0.02324302,chriskempson Japanese subtitles word_freq_report.txt,subtitle match: Japanese form,一つ,num,,,,GitHub elzup/jlpt-word-list n5.csv (based on Tanos/Genki),Subtitle corpus POS tags: num,Full-N5 glue or remaining integration item
8,Full N5 Integration + Glue,38,635,582,二つ,ふたつ,futatsu,two things,Noun,,Numeral,Numbers/Counters,Core open list,Number/quantity word,558,5141,0.00163716,chriskempson Japanese subtitles word_freq_report.txt,subtitle match: Japanese form,二つ,num,,,,GitHub elzup/jlpt-word-list n5.csv (based on Tanos/Genki),Subtitle corpus POS tags: num,Full-N5 glue or remaining integration item
8,Full N5 Integration + Glue,39,118,590,～分,～ふん,~fun,~ minutes,Counter,,Counter / counting suffix,Numbers/Counters,Core open list,Counter or measure word,17485,239,0.05130071,chriskempson Japanese subtitles word_freq_report.txt,subtitle match: Japanese form,分,"n,n-suf,pref",,,,GitHub elzup/jlpt-word-list n5.csv (based on Tanos/Genki),"Subtitle corpus POS tags: n,n-suf,pref",Full-N5 glue or remaining integration item
8,Full N5 Integration + Glue,40,90,611,～本,～ほん,~hon,counter for long cylindrical things,Counter,,Counter / counting suffix,Numbers/Counters,Core open list,Counter or measure word,23539,179,0.06906304,chriskempson Japanese subtitles word_freq_report.txt,subtitle match: Japanese form,本,n,,,,GitHub elzup/jlpt-word-list n5.csv (based on Tanos/Genki),Subtitle corpus POS tags: n,Full-N5 glue or remaining integration item
8,Full N5 Integration + Glue,41,571,614,～枚,～まい,~mai,counter for flat things,Counter,,Counter / counting suffix,Numbers/Counters,Core open list,Counter or measure word,907,3486,0.00266112,chriskempson Japanese subtitles word_freq_report.txt,subtitle match: Japanese form,枚,ctr,,,,GitHub elzup/jlpt-word-list n5.csv (based on Tanos/Genki),Subtitle corpus POS tags: ctr,Full-N5 glue or remaining integration item
8,Full N5 Integration + Glue,42,141,633,万,まん,man,ten thousand,Noun,,Numeral,Numbers/Counters,Core open list,Number/quantity word,13376,319,0.03924497,chriskempson Japanese subtitles word_freq_report.txt,subtitle match: Japanese form,万,num,,,,GitHub elzup/jlpt-word-list n5.csv (based on Tanos/Genki),Subtitle corpus POS tags: num,Full-N5 glue or remaining integration item
8,Full N5 Integration + Glue,43,705,643,三つ,みっつ,mittsu,three things,Noun,,Numeral,Numbers/Counters,Core open list,Number/quantity word,236,9994,0.00069242,chriskempson Japanese subtitles word_freq_report.txt,subtitle match: Japanese form,三つ,num,,,,GitHub elzup/jlpt-word-list n5.csv (based on Tanos/Genki),Subtitle corpus POS tags: num,Full-N5 glue or remaining integration item
8,Full N5 Integration + Glue,44,777,653,六つ,むっつ,muttsu,six things,Noun,,Numeral,Numbers/Counters,Core open list,Number/quantity word,28,35679,8.215e-05,chriskempson Japanese subtitles word_freq_report.txt,subtitle match: Japanese form,六つ,num,,,,GitHub elzup/jlpt-word-list n5.csv (based on Tanos/Genki),Subtitle corpus POS tags: num,Full-N5 glue or remaining integration item
8,Full N5 Integration + Glue,45,741,667,八百屋,やおや,yaoya,greengrocer,Noun,,Common noun,Numbers/Counters,Core open list,Noun-like word,129,15088,0.00037848,chriskempson Japanese subtitles word_freq_report.txt,subtitle match: Japanese form,八百屋,n,,,,GitHub elzup/jlpt-word-list n5.csv (based on Tanos/Genki),Subtitle corpus POS tags: n,Full-N5 glue or remaining integration item
8,Full N5 Integration + Glue,46,768,673,八つ,やっつ,yattsu,eight things,Noun,,Numeral,Numbers/Counters,Core open list,Number/quantity word,46,27718,0.00013496,chriskempson Japanese subtitles word_freq_report.txt,subtitle match: Japanese form,八つ,num,,,,GitHub elzup/jlpt-word-list n5.csv (based on Tanos/Genki),Subtitle corpus POS tags: num,Full-N5 glue or remaining integration item
8,Full N5 Integration + Glue,47,757,688,四つ,よっつ,yottsu,four things,Noun,,Numeral,Numbers/Counters,Core open list,Number/quantity word,85,19527,0.00024939,chriskempson Japanese subtitles word_freq_report.txt,subtitle match: Japanese form,四つ,num,,,,GitHub elzup/jlpt-word-list n5.csv (based on Tanos/Genki),Subtitle corpus POS tags: num,Full-N5 glue or remaining integration item
8,Full N5 Integration + Glue,48,155,689,呼ぶ,よぶ,yobu,to call (one's name); to invite,Verb,Godan (-bu ending),Main verb,Numbers/Counters,Core open list,Transitive,12434,352,0.03648115,chriskempson Japanese subtitles word_freq_report.txt,subtitle match: Japanese form,呼ぶ,"v5b,vt",,,,GitHub elzup/jlpt-word-list n5.csv (based on Tanos/Genki),"Subtitle corpus POS tags: v5b,vt",Full-N5 glue or remaining integration item
8,Full N5 Integration + Glue,49,74,721,～方,～かた,~kata,how to ...,Suffix,,Suffix / bound word,Numbers/Counters,Supplemental N5 buffer,Attaches to another word or number,27398,153,0.08038529,chriskempson Japanese subtitles word_freq_report.txt,subtitle match: Japanese form,方,n,,,,MLC 802-word list / common N5 buffer,Subtitle corpus POS tags: n,Full-N5 glue or remaining integration item
8,Full N5 Integration + Glue,50,230,724,～ごろ,～ごろ,~goro,around ... (time),Suffix,,Suffix / bound word,Numbers/Counters,Supplemental N5 buffer,Attaches to another word or number,6761,618,0.01983666,chriskempson Japanese subtitles word_freq_report.txt,subtitle match: Japanese form,ごろ,"n,n-adv,n-suf",,,,MLC 802-word list / common N5 buffer,"Subtitle corpus POS tags: n,n-adv,n-suf",Full-N5 glue or remaining integration item
8,Full N5 Integration + Glue,51,520,727,～半,～はん,~han,half; thirty minutes past,Counter,,Counter / counting suffix,Numbers/Counters,Supplemental N5 buffer,Counter or measure word,1305,2586,0.00382885,chriskempson Japanese subtitles word_freq_report.txt,subtitle match: Japanese form,半,"n,n-pref",,,,MLC 802-word list / common N5 buffer,"Subtitle corpus POS tags: n,n-pref",Full-N5 glue or remaining integration item
8,Full N5 Integration + Glue,52,277,732,もう一度,もういちど,mouichido,once more; again,Expression,,Fixed expression,Numbers/Counters,Supplemental N5 buffer,Phrase-like expression,5019,797,0.01472566,chriskempson Japanese subtitles word_freq_report.txt,subtitle match: Japanese form,もう一度,exp,,,,MLC 802-word list / common N5 buffer,Subtitle corpus POS tags: exp,Full-N5 glue or remaining integration item
8,Full N5 Integration + Glue,53,646,784,～がります,～がります,~garimasu,third person wants to ...,Auxiliary / Suffix,,Auxiliary verb suffix,Numbers/Counters,Supplemental N5 buffer,Grammar pattern suffix,,,0.00144,wordfreq 3.1.1 Japanese best wordlist,wordfreq fallback: Japanese form,がります,Fallback: no subtitle-corpus match for selected candidates,4.16,,,MLC 802-word list / common N5 buffer,Manual fallback from word/meaning,Full-N5 glue or remaining integration item
8,Full N5 Integration + Glue,54,259,786,一度,いちど,ichido,once; one time,Noun,,Adverbial noun,Numbers/Counters,Supplemental N5 buffer,Noun-like word,5373,743,0.0157643,chriskempson Japanese subtitles word_freq_report.txt,subtitle match: Japanese form,一度,n-adv,,,,MLC 802-word list / common N5 buffer,Subtitle corpus POS tags: n-adv,Full-N5 glue or remaining integration item
8,Full N5 Integration + Glue,55,590,684,洋服,ようふく,youfuku,Western-style clothes,Noun,,Common noun,Home/Objects,Core open list,Noun-like word,793,3898,0.00232665,chriskempson Japanese subtitles word_freq_report.txt,subtitle match: Japanese form,洋服,n,,,,GitHub elzup/jlpt-word-list n5.csv (based on Tanos/Genki),Subtitle corpus POS tags: n,Full-N5 glue or remaining integration item
8,Full N5 Integration + Glue,56,159,415,次,つぎ,tsugi,next,Noun,,no-adjective noun,Misc/Bridge,Core open list,Noun-like word,12002,362,0.03521367,chriskempson Japanese subtitles word_freq_report.txt,subtitle match: Japanese form,次,"n,adj-no",,,,GitHub elzup/jlpt-word-list n5.csv (based on Tanos/Genki),"Subtitle corpus POS tags: n,adj-no",Full-N5 glue or remaining integration item
8,Full N5 Integration + Glue,57,605,421,つまらない,つまらない,tsumaranai,"boring, dull; insignificant",Adjective,,i-adjective,Misc/Bridge,Core open list,Conjugates directly; dictionary form ends in い,688,4333,0.00201858,chriskempson Japanese subtitles word_freq_report.txt,subtitle match: Japanese form,つまらない,adj-i,,,,GitHub elzup/jlpt-word-list n5.csv (based on Tanos/Genki),Subtitle corpus POS tags: adj-i,Full-N5 glue or remaining integration item
8,Full N5 Integration + Glue,58,639,425,テープ,テープ,teepu,tape,Noun,,Common noun,Misc/Bridge,Core open list,Noun-like word,533,5325,0.00156381,chriskempson Japanese subtitles word_freq_report.txt,subtitle match: Japanese form,テープ,n,,,,GitHub elzup/jlpt-word-list n5.csv (based on Tanos/Genki),Subtitle corpus POS tags: n,Full-N5 glue or remaining integration item
8,Full N5 Integration + Glue,59,794,426,テープレコーダー,テープレコーダー,teepurekoodaa,tape recorder,Noun,,Common noun,Misc/Bridge,Core open list,Noun-like word,3,77470,8.8e-06,chriskempson Japanese subtitles word_freq_report.txt,subtitle match: Japanese form,テープレコーダー,n,,,,GitHub elzup/jlpt-word-list n5.csv (based on Tanos/Genki),Subtitle corpus POS tags: n,Full-N5 glue or remaining integration item
8,Full N5 Integration + Glue,60,12,435,でも,でも,demo,"but, however",Conjunction,,Conjunction,Misc/Bridge,Core open list,Connects clauses or discourse,112720,28,0.33071865,chriskempson Japanese subtitles word_freq_report.txt,subtitle match: Japanese form,でも,conj,,,,GitHub elzup/jlpt-word-list n5.csv (based on Tanos/Genki),Subtitle corpus POS tags: conj,Full-N5 glue or remaining integration item
8,Full N5 Integration + Glue,61,44,446,どう,どう,dou,"how, in what way",Adverb,,Adverb,Misc/Bridge,Core open list,Modifies verbs/adjectives/sentences,42875,94,0.12579456,chriskempson Japanese subtitles word_freq_report.txt,subtitle match: Japanese form,どう,adv,,,,GitHub elzup/jlpt-word-list n5.csv (based on Tanos/Genki),Subtitle corpus POS tags: adv,Full-N5 glue or remaining integration item
8,Full N5 Integration + Glue,62,96,447,どうして,どうして,doushite,"why, for what reason",Adverb,,Adverb,Misc/Bridge,Core open list,Modifies verbs/adjectives/sentences / interjection-like use,21029,195,0.06169875,chriskempson Japanese subtitles word_freq_report.txt,subtitle match: Japanese form,どうして,"adv,int",,,,GitHub elzup/jlpt-word-list n5.csv (based on Tanos/Genki),"Subtitle corpus POS tags: adv,int",Full-N5 glue or remaining integration item
8,Full N5 Integration + Glue,63,304,467,飛ぶ,とぶ,tobu,"to fly, to hop",Verb,Godan (-bu ending),Main verb,Misc/Bridge,Core open list,Intransitive,4436,903,0.01301515,chriskempson Japanese subtitles word_freq_report.txt,subtitle match: Japanese form,飛ぶ,"v5b,vi",,,,GitHub elzup/jlpt-word-list n5.csv (based on Tanos/Genki),"Subtitle corpus POS tags: v5b,vi",Full-N5 glue or remaining integration item
8,Full N5 Integration + Glue,64,13,477,ない,ない,nai,"there isn't, doesn't have",Auxiliary,,Negative auxiliary adjective,Misc/Bridge,Core open list,Used for negation; behaves like an i-adjective,110460,29,0.32408785,chriskempson Japanese subtitles word_freq_report.txt,subtitle match: Japanese form,ない,aux-adj,,,,GitHub elzup/jlpt-word-list n5.csv (based on Tanos/Genki),Subtitle corpus POS tags: aux-adj,Full-N5 glue or remaining integration item
8,Full N5 Integration + Glue,65,654,478,ナイフ,ナイフ,naifu,knife,Noun,,Common noun,Misc/Bridge,Core open list,Loanword noun,,,0.00135,wordfreq 3.1.1 Japanese best wordlist,wordfreq fallback: Japanese form,ナイフ,Fallback: no subtitle-corpus match for selected candidates,4.13,,,GitHub elzup/jlpt-word-list n5.csv (based on Tanos/Genki),Manual fallback from word/meaning,Full-N5 glue or remaining integration item
8,Full N5 Integration + Glue,66,456,482,無くす,なくす,nakusu,to lose something,Verb,Godan (-su ending),Main verb,Misc/Bridge,Core open list,Transitive,1808,1995,0.00530464,chriskempson Japanese subtitles word_freq_report.txt,subtitle match: Japanese form,無くす,"v5s,vt",,,,GitHub elzup/jlpt-word-list n5.csv (based on Tanos/Genki),"Subtitle corpus POS tags: v5s,vt",Full-N5 glue or remaining integration item
8,Full N5 Integration + Glue,67,454,502,荷物,にもつ,nimotsu,luggage; baggage,Noun,,Common noun,Misc/Bridge,Core open list,Noun-like word,1816,1989,0.00532811,chriskempson Japanese subtitles word_freq_report.txt,subtitle match: Japanese form,荷物,n,,,,GitHub elzup/jlpt-word-list n5.csv (based on Tanos/Genki),Subtitle corpus POS tags: n,Full-N5 glue or remaining integration item
8,Full N5 Integration + Glue,68,494,503,ニュース,ニュース,nyuusu,news,Noun,,Common noun,Misc/Bridge,Core open list,Noun-like word,1468,2357,0.00430709,chriskempson Japanese subtitles word_freq_report.txt,subtitle match: Japanese form,ニュース,n,,,,GitHub elzup/jlpt-word-list n5.csv (based on Tanos/Genki),Subtitle corpus POS tags: n,Full-N5 glue or remaining integration item
8,Full N5 Integration + Glue,69,714,507,温い,ぬるい,nurui,lukewarm,Adjective,,i-adjective,Misc/Bridge,Core open list,Conjugates directly; dictionary form ends in い,213,10763,0.00062494,chriskempson Japanese subtitles word_freq_report.txt,subtitle match: reading form,ぬるい,adj-i,,,,GitHub elzup/jlpt-word-list n5.csv (based on Tanos/Genki),Subtitle corpus POS tags: adj-i,Full-N5 glue or remaining integration item
8,Full N5 Integration + Glue,70,677,508,ネクタイ,ネクタイ,nekutai,"tie, necktie",Noun,,Common noun,Misc/Bridge,Core open list,Noun-like word,358,7336,0.00105037,chriskempson Japanese subtitles word_freq_report.txt,subtitle match: Japanese form,ネクタイ,n,,,,GitHub elzup/jlpt-word-list n5.csv (based on Tanos/Genki),Subtitle corpus POS tags: n,Full-N5 glue or remaining integration item
8,Full N5 Integration + Glue,71,555,513,登る,のぼる,noboru,to climb,Verb,Godan (-ru ending),Main verb,Misc/Bridge,Core open list,Intransitive,1012,3167,0.00296919,chriskempson Japanese subtitles word_freq_report.txt,subtitle match: Japanese form,登る,"v5r,vi",,,,GitHub elzup/jlpt-word-list n5.csv (based on Tanos/Genki),"Subtitle corpus POS tags: v5r,vi",Full-N5 glue or remaining integration item
8,Full N5 Integration + Glue,72,77,522,入る,はいる,hairu,"to enter, to contain, to hold",Verb,Godan (-ru ending),Main verb,Misc/Bridge,Core open list,,26268,160,0.07706989,chriskempson Japanese subtitles word_freq_report.txt,subtitle match: Japanese form,入る,v5r,,,,GitHub elzup/jlpt-word-list n5.csv (based on Tanos/Genki),Subtitle corpus POS tags: v5r,Full-N5 glue or remaining integration item
8,Full N5 Integration + Glue,73,241,528,始まる,はじまる,hajimaru,(something) begins,Verb,Godan (-ru ending),Main verb,Misc/Bridge,Core open list,Intransitive,6146,670,0.01803226,chriskempson Japanese subtitles word_freq_report.txt,subtitle match: Japanese form,始まる,"v5r,vi",,,,GitHub elzup/jlpt-word-list n5.csv (based on Tanos/Genki),"Subtitle corpus POS tags: v5r,vi",Full-N5 glue or remaining integration item
8,Full N5 Integration + Glue,74,618,529,初め,はじめ,hajime,"beginning, start",Noun,,Temporal noun / Adverbial noun,Misc/Bridge,Core open list,Noun-like word,636,4622,0.00186601,chriskempson Japanese subtitles word_freq_report.txt,subtitle match: reading form,初め,"n-t,n-adv",,,,GitHub elzup/jlpt-word-list n5.csv (based on Tanos/Genki),"Subtitle corpus POS tags: n-t,n-adv",Full-N5 glue or remaining integration item
8,Full N5 Integration + Glue,75,169,539,鼻,はな,hana,nose,Noun,,Common noun,Misc/Bridge,Core open list,Noun-like word,10832,398,0.03178091,chriskempson Japanese subtitles word_freq_report.txt,subtitle match: Japanese form,鼻,n,,,,GitHub elzup/jlpt-word-list n5.csv (based on Tanos/Genki),Subtitle corpus POS tags: n,Full-N5 glue or remaining integration item
8,Full N5 Integration + Glue,76,48,540,話,はなし,hanashi,"talk (chat), story",Noun,,Common noun,Misc/Bridge,Core open list,Noun-like word,37261,112,0.10932317,chriskempson Japanese subtitles word_freq_report.txt,subtitle match: Japanese form,話,n,,,,GitHub elzup/jlpt-word-list n5.csv (based on Tanos/Genki),Subtitle corpus POS tags: n,Full-N5 glue or remaining integration item
8,Full N5 Integration + Glue,77,281,546,貼る,はる,haru,to post; to paste; to attach,Verb,Godan (-ru ending),Main verb,Misc/Bridge,Core open list,,4957,805,0.01454376,chriskempson Japanese subtitles word_freq_report.txt,subtitle match: Japanese form,貼る,v5r,,,,GitHub elzup/jlpt-word-list n5.csv (based on Tanos/Genki),Subtitle corpus POS tags: v5r,Full-N5 glue or remaining integration item
8,Full N5 Integration + Glue,78,382,559,引く,ひく,hiku,"to pull, to draw; subtract",Verb,Godan (-ku ending),Main verb,Misc/Bridge,Core open list,Transitive / Intransitive,2754,1386,0.00808019,chriskempson Japanese subtitles word_freq_report.txt,subtitle match: Japanese form,引く,"v5k,vi,vt",,,,GitHub elzup/jlpt-word-list n5.csv (based on Tanos/Genki),"Subtitle corpus POS tags: v5k,vi,vt",Full-N5 glue or remaining integration item
8,Full N5 Integration + Glue,79,723,576,フィルム,フィルム,firumu,film (roll of),Noun,,Common noun,Misc/Bridge,Core open list,Noun-like word,182,12018,0.00053399,chriskempson Japanese subtitles word_freq_report.txt,subtitle match: Japanese form,フィルム,n,,,,GitHub elzup/jlpt-word-list n5.csv (based on Tanos/Genki),Subtitle corpus POS tags: n,Full-N5 glue or remaining integration item
8,Full N5 Integration + Glue,80,661,577,封筒,ふうとう,fuutou,envelope,Noun,,Common noun,Misc/Bridge,Core open list,Noun-like word,420,6434,0.00123227,chriskempson Japanese subtitles word_freq_report.txt,subtitle match: Japanese form,封筒,n,,,,GitHub elzup/jlpt-word-list n5.csv (based on Tanos/Genki),Subtitle corpus POS tags: n,Full-N5 glue or remaining integration item
8,Full N5 Integration + Glue,81,685,591,文章,ぶんしょう,bunshou,"sentence, text",Noun,,Common noun,Misc/Bridge,Core open list,Noun-like word,322,7976,0.00094474,chriskempson Japanese subtitles word_freq_report.txt,subtitle match: Japanese form,文章,n,,,,GitHub elzup/jlpt-word-list n5.csv (based on Tanos/Genki),Subtitle corpus POS tags: n,Full-N5 glue or remaining integration item
8,Full N5 Integration + Glue,82,655,604,ポケット,ポケット,poketto,pocket,Noun,,Common noun,Misc/Bridge,Core open list,Noun-like word,456,6062,0.0013379,chriskempson Japanese subtitles word_freq_report.txt,subtitle match: Japanese form,ポケット,n,,,,GitHub elzup/jlpt-word-list n5.csv (based on Tanos/Genki),Subtitle corpus POS tags: n,Full-N5 glue or remaining integration item
8,Full N5 Integration + Glue,83,657,606,ポスト,ポスト,posuto,"mailbox; post, position",Noun,Can form する verb,Suru-verbal noun,Misc/Bridge,Core open list,Can combine with する,435,6279,0.00127628,chriskempson Japanese subtitles word_freq_report.txt,subtitle match: Japanese form,ポスト,"n,vs",,,,GitHub elzup/jlpt-word-list n5.csv (based on Tanos/Genki),"Subtitle corpus POS tags: n,vs",Full-N5 glue or remaining integration item
8,Full N5 Integration + Glue,84,600,608,ボタン,ボタン,botan,button,Noun,,Common noun,Misc/Bridge,Core open list,Noun-like word,725,4159,0.00212714,chriskempson Japanese subtitles word_freq_report.txt,subtitle match: Japanese form,ボタン,n,,,,GitHub elzup/jlpt-word-list n5.csv (based on Tanos/Genki),Subtitle corpus POS tags: n,Full-N5 glue or remaining integration item
8,Full N5 Integration + Glue,85,381,609,ホテル,ホテル,hoteru,hotel,Noun,,Common noun,Misc/Bridge,Core open list,Loanword noun,,,0.00813,wordfreq 3.1.1 Japanese best wordlist,wordfreq fallback: Japanese form,ホテル,Fallback: no subtitle-corpus match for selected candidates,4.91,,,GitHub elzup/jlpt-word-list n5.csv (based on Tanos/Genki),Manual fallback from word/meaning,Full-N5 glue or remaining integration item
8,Full N5 Integration + Glue,86,776,623,曲る,まがる,magaru,"to turn, to bend",Verb,Godan (-ru ending),Main verb,Misc/Bridge,Core open list,Intransitive,29,35074,8.509e-05,chriskempson Japanese subtitles word_freq_report.txt,subtitle match: Japanese form,曲る,"v5r,vi",,,,GitHub elzup/jlpt-word-list n5.csv (based on Tanos/Genki),"Subtitle corpus POS tags: v5r,vi",Full-N5 glue or remaining integration item
8,Full N5 Integration + Glue,87,62,625,また,また,mata,and; furthermore,Adverb,,Adverb,Misc/Bridge,Core open list,Modifies verbs/adjectives/sentences / can connect discourse,32045,131,0.09401951,chriskempson Japanese subtitles word_freq_report.txt,subtitle match: Japanese form,また,"adv,conj,pref",,,,GitHub elzup/jlpt-word-list n5.csv (based on Tanos/Genki),"Subtitle corpus POS tags: adv,conj,pref",Full-N5 glue or remaining integration item
8,Full N5 Integration + Glue,88,252,632,丸い,まるい,marui,"round, circular",Adjective,,i-adjective,Misc/Bridge,Core open list,Conjugates directly; dictionary form ends in い,5621,719,0.01649192,chriskempson Japanese subtitles word_freq_report.txt,subtitle match: Japanese form,丸い,adj-i,,,,GitHub elzup/jlpt-word-list n5.csv (based on Tanos/Genki),Subtitle corpus POS tags: adj-i,Full-N5 glue or remaining integration item
8,Full N5 Integration + Glue,89,371,644,緑,みどり,midori,green,Noun,,Common noun,Misc/Bridge,Core open list,Noun-like word,2938,1299,0.00862004,chriskempson Japanese subtitles word_freq_report.txt,subtitle match: Japanese form,緑,n,,,,GitHub elzup/jlpt-word-list n5.csv (based on Tanos/Genki),Subtitle corpus POS tags: n,Full-N5 glue or remaining integration item
8,Full N5 Integration + Glue,90,172,645,皆さん,みなさん,minasan,"all of you, everyone",Noun,,Common noun,Misc/Bridge,Core open list,Noun-like word,10561,411,0.0309858,chriskempson Japanese subtitles word_freq_report.txt,subtitle match: Japanese form,皆さん,n,,,,GitHub elzup/jlpt-word-list n5.csv (based on Tanos/Genki),Subtitle corpus POS tags: n,Full-N5 glue or remaining integration item
8,Full N5 Integration + Glue,91,72,663,物,もの,mono,thing (concrete object),Noun,,Common noun,Misc/Bridge,Core open list,Noun-like word,27496,152,0.08067282,chriskempson Japanese subtitles word_freq_report.txt,subtitle match: reading form,もの,n,,,,GitHub elzup/jlpt-word-list n5.csv (based on Tanos/Genki),Subtitle corpus POS tags: n,Full-N5 glue or remaining integration item
8,Full N5 Integration + Glue,92,420,682,ゆっくりと,ゆっくりと,yukkurito,"slowly, at ease",Adverb,,to-adverb,Misc/Bridge,Core open list,Adverb ending in と,,,0.00643,wordfreq 3.1.1 Japanese best wordlist,wordfreq fallback: Japanese form,ゆっくりと,Fallback: no subtitle-corpus match for selected candidates,4.81,,,GitHub elzup/jlpt-word-list n5.csv (based on Tanos/Genki),Manual fallback from word/meaning,Full-N5 glue or remaining integration item
8,Full N5 Integration + Glue,93,579,686,横,よこ,yoko,beside; side; width,Noun,,Common noun,Misc/Bridge,Core open list,Noun-like word,862,3634,0.00252909,chriskempson Japanese subtitles word_freq_report.txt,subtitle match: Japanese form,横,n,,,,GitHub elzup/jlpt-word-list n5.csv (based on Tanos/Genki),Subtitle corpus POS tags: n,Full-N5 glue or remaining integration item
8,Full N5 Integration + Glue,94,425,700,両親,りょうしん,ryoushin,"parents (lit., both parents)",Noun,,Common noun,Misc/Bridge,Core open list,Noun-like word,2125,1731,0.00623472,chriskempson Japanese subtitles word_freq_report.txt,subtitle match: Japanese form,両親,n,,,,GitHub elzup/jlpt-word-list n5.csv (based on Tanos/Genki),Subtitle corpus POS tags: n,Full-N5 glue or remaining integration item
8,Full N5 Integration + Glue,95,421,703,零,れい,rei,"zero, nought",Noun,,no-adjective noun,Misc/Bridge,Core open list,Noun-like word,2188,1689,0.00641956,chriskempson Japanese subtitles word_freq_report.txt,subtitle match: Japanese form,零,"n,adj-no",,,,GitHub elzup/jlpt-word-list n5.csv (based on Tanos/Genki),"Subtitle corpus POS tags: n,adj-no",Full-N5 glue or remaining integration item
8,Full N5 Integration + Glue,96,612,704,冷蔵庫,れいぞうこ,reizouko,refrigerator,Noun,,Common noun,Misc/Bridge,Core open list,Noun-like word,661,4474,0.00193936,chriskempson Japanese subtitles word_freq_report.txt,subtitle match: Japanese form,冷蔵庫,n,,,,GitHub elzup/jlpt-word-list n5.csv (based on Tanos/Genki),Subtitle corpus POS tags: n,Full-N5 glue or remaining integration item
8,Full N5 Integration + Glue,97,724,705,レコード,レコード,rekoodo,record,Noun,,Common noun,Misc/Bridge,Core open list,Noun-like word,180,12106,0.00052812,chriskempson Japanese subtitles word_freq_report.txt,subtitle match: Japanese form,レコード,n,,,,GitHub elzup/jlpt-word-list n5.csv (based on Tanos/Genki),Subtitle corpus POS tags: n,Full-N5 glue or remaining integration item
8,Full N5 Integration + Glue,98,592,730,メモ,メモ,memo,memo; note,Noun,Can form する verb,Suru-verbal noun,Misc/Bridge,Supplemental N5 buffer,Can combine with する,779,3943,0.00228557,chriskempson Japanese subtitles word_freq_report.txt,subtitle match: Japanese form,メモ,"n,vs",,,,MLC 802-word list / common N5 buffer,"Subtitle corpus POS tags: n,vs",Full-N5 glue or remaining integration item
8,Full N5 Integration + Glue,99,238,793,結婚する,けっこんする,kekkonsuru,to marry,Verb,Suru verb,Verbal noun + する,Misc/Bridge,Supplemental N5 buffer,,,,0.0184,wordfreq 3.1.1 Japanese best wordlist,wordfreq fallback: Japanese form,結婚する,Fallback: no subtitle-corpus match for selected candidates,5.26,,,MLC 802-word list / common N5 buffer,Manual fallback from word/meaning,Full-N5 glue or remaining integration item
8,Full N5 Integration + Glue,100,336,797,運転する,うんてんする,untensuru,to drive,Verb,Suru verb,Verbal noun + する,Misc/Bridge,Supplemental N5 buffer,,,,0.0108,wordfreq 3.1.1 Japanese best wordlist,wordfreq fallback: Japanese form,運転する,Fallback: no subtitle-corpus match for selected candidates,5.03,,,MLC 802-word list / common N5 buffer,Manual fallback from word/meaning,Full-N5 glue or remaining integration item
8,Full N5 Integration + Glue,101,37,801,何か,なにか,nanika,something,Pronoun,,Indefinite pronoun,Misc/Bridge,Supplemental N5 buffer,Something,51967,79,0.15247034,chriskempson Japanese subtitles word_freq_report.txt,subtitle match: Japanese form,何か,exp,,,,MLC 802-word list / common N5 buffer,Manual learner override for N5 interrogative/indefinite,Full-N5 glue or remaining integration item
